# Deserno (2003) phase lines; sigma~ = (a/lambda)^2, w~ = 2 w a^2/kappa, energies in units of pi*kappa.
# S2 = NaN where not computed (sigma~ > 1e4); asymptotic_fallback = 1 would flag a table point replaced by the paper asymptotics (none).
sigma_t,w_E,w_over_sigma,a_over_lambda,barrier,z_partial,z_barrier,S1,S2,zS1,zS2,wE_minus4_over_sigma,s_shaped,z_fold,z_cross,branch3_exact,asymptotic_fallback,scan_err,barrier_scan_err,npts
0.0001,4.000202136,20001.01068,0.01,0.0005044948125,0.04507137701,1.107726749,4.00092318,3.999352776,0.4971966291,1.712717889,2.021361967,0,nan,nan,0,0,0,-3.197425674e-10,871
0.0001122018454,4.000226826,17826.02956,0.01059253725,0.0005597813236,0.04558505037,1.109021808,4.001026147,3.99928284,0.4982400075,1.71406325,2.02159307,0,nan,nan,0,0,0,-3.226509704e-09,854
0.0001258925412,4.000254533,15887.57561,0.01122018454,0.0006210543988,0.04611104349,1.110346611,4.001140506,3.999205452,0.4993126179,1.715431775,2.021829434,0,nan,nan,0,0,0,-1.196826773e-09,870
0.0001412537545,4.000285625,14159.92672,0.01188502227,0.0006889528188,0.04664971173,1.111702142,4.001267506,3.99911983,0.5004151546,1.71682279,2.022071241,0,nan,nan,0,0,0,-2.795941146e-09,936
0.0001584893192,4.000320516,12620.15805,0.01258925412,0.0007641822851,0.04720156604,1.113089379,4.001408532,3.999025114,0.5015487268,1.718237056,2.022318687,0,nan,nan,0,0,0,-5.290514238e-10,905
0.000177827941,4.00035967,11247.83779,0.01333521432,0.0008475222659,0.04776709916,1.114509355,4.001565118,3.998920354,0.5027157236,1.719674868,2.022571976,0,nan,nan,0,0,0,-3.056012634e-09,909
0.0001995262315,4.000403608,10024.75609,0.01412537545,0.0009398335256,0.04834683828,1.115963152,4.001738964,3.998804505,0.5039163843,1.72113678,2.022831319,0,nan,nan,0,0,0,-1.851043859e-09,884
0.0002238721139,4.000452915,8934.683391,0.01496235656,0.0010420664,0.04894132371,1.117451892,4.001931954,3.998676413,0.5051525578,1.722623203,2.023096942,0,nan,nan,0,0,0,-2.387319324e-10,836
0.0002511886432,4.000508247,7963.155096,0.01584893192,0.001155269876,0.04955114044,1.118976716,4.002146175,3.998534809,0.5064254911,1.724134128,2.023369079,0,nan,nan,0,0,0,-2.05002985e-10,876
0.0002818382931,4.000570341,7097.279609,0.01678804018,0.00128060158,0.0501768909,1.120538857,4.002383941,3.998378295,0.5077372397,1.725670165,2.023647978,0,nan,nan,0,0,0,-2.625432198e-11,841
0.000316227766,4.000640024,6325.567287,0.0177827941,0.001419338724,0.05081927617,1.122139555,4.002647811,3.99820533,0.5090890541,1.727232211,2.023933898,0,nan,nan,0,0,0,-3.653873992e-09,853
0.0003548133892,4.000718223,5637.777976,0.01883649089,0.001572890133,0.05147885753,1.123780118,4.002940624,3.99801422,0.5104829206,1.728819854,2.024227111,0,nan,nan,0,0,0,-3.920563618e-09,900
0.0003981071706,4.000805979,5024.785127,0.01995262315,0.001742809423,0.0521563973,1.125461908,4.003265521,3.997803098,0.5119204897,1.73043359,2.024527906,0,nan,nan,0,0,0,-9.9740922e-10,900
0.0004466835922,4.000904461,4478.454695,0.0211348904,0.00193080946,0.05285264169,1.127186341,4.00362598,3.997569913,0.5134035315,1.732074219,2.024836585,0,nan,nan,0,0,0,-4.401469544e-09,903
0.0005011872336,4.001014981,3991.537207,0.02238721139,0.00213877821,0.05356838041,1.128954885,4.004025853,3.997312407,0.5149346293,1.733741834,2.025153467,0,nan,nan,0,0,0,-2.435403043e-09,848
0.0005623413252,4.00113901,3557.57156,0.02371373706,0.002368796089,0.05430444947,1.130769066,4.004469404,3.997028096,0.5165155883,1.735437,2.025478888,0,nan,nan,0,0,0,-9.783397393e-10,827
0.0006309573445,4.001278202,3170.799292,0.02511886432,0.002623154982,0.05506172777,1.132630479,4.004961352,3.996714251,0.5181489838,1.737159926,2.025813202,0,nan,nan,0,0,0,-1.467909451e-09,887
0.0007079457844,4.001434409,2826.088168,0.0266072506,0.002904379045,0.05584114967,1.13454078,4.005506921,3.996367871,0.5198363108,1.738910926,2.026156785,0,nan,nan,0,0,0,-6.806652729e-10,836
0.0007943282347,4.001609714,2518.864079,0.02818382931,0.003215247484,0.05664370162,1.136501691,4.006111891,3.995985661,0.5215807869,1.740690281,2.02651003,0,nan,nan,0,0,0,-5.610359894e-10,857
0.0008912509381,4.001806453,2245.050345,0.02985382619,0.003558819445,0.05747045755,1.138515011,4.00678266,3.995563998,0.5233851355,1.742498298,2.026873357,0,nan,nan,0,0,0,-2.318258104e-09,916
0.001,4.002027247,2001.013624,0.0316227766,0.003938461229,0.05832246568,1.140582603,4.007526304,3.995098904,0.5252518571,1.744335393,2.027247207,0,nan,nan,0,0,0,-3.083636002e-09,887
0.001122018454,4.002275041,1783.515692,0.03349654392,0.004357876057,0.05920092719,1.142706415,4.008350652,3.994586015,0.5271837256,1.746201522,2.027632048,0,nan,nan,0,0,0,-1.740743808e-12,879
0.001258925412,4.002553136,1589.670484,0.03548133892,0.004821136497,0.06010708613,1.14488847,4.009264365,3.994020536,0.5291848711,1.748097292,2.028028376,0,nan,nan,0,0,0,-5.724966919e-10,865
0.001412537545,4.002865243,1416.905787,0.03758374043,0.005332719949,0.06104226374,1.147130875,4.010277023,3.99339721,0.5312562217,1.750022776,2.028436715,0,nan,nan,0,0,0,-9.699591293e-11,890
0.001584893192,4.003215523,1262.929118,0.03981071706,0.005897547284,0.06200786367,1.149435826,4.011399219,3.992710267,0.5334034243,1.751978339,2.028857623,0,nan,nan,0,0,0,-1.528802263e-09,868
0.00177827941,4.003608648,1125.697296,0.04216965034,0.006521024994,0.06300537766,1.151805609,4.01264267,3.991953382,0.5356291566,1.753963516,2.029291691,0,nan,nan,0,0,0,-1.419337141e-09,851
0.001995262315,4.004049863,1003.389337,0.04466835922,0.007209091122,0.06403639317,1.154242605,4.014020328,3.991119621,0.5379375614,1.755979616,2.029739547,0,nan,nan,0,0,0,-1.247418614e-10,831
0.002238721139,4.004545056,894.3822852,0.0473151259,0.007968265241,0.06510259933,1.15674929,4.015546519,3.990201382,0.540332374,1.758025424,2.030201857,0,nan,nan,0,0,0,-1.033028711e-09,862
0.002511886432,4.005100836,797.2296808,0.05011872336,0.008805702891,0.06620579607,1.159328247,4.017237076,3.98919034,0.5428178278,1.760101979,2.030679332,0,nan,nan,0,0,0,-1.200381483e-09,863
0.002818382931,4.005724623,710.6423648,0.05308844442,0.009729254742,0.06734791183,1.161982166,4.019109504,3.988077374,0.545398107,1.762208857,2.031172726,0,nan,nan,0,0,0,3.031095379e-15,925
0.00316227766,4.006424745,633.4713735,0.05623413252,0.01074753087,0.06853097356,1.164713847,4.021183154,3.986852499,0.5480784973,1.764346317,2.031682845,0,nan,nan,0,0,0,-4.653157561e-09,929
0.003548133892,4.007210555,564.6926915,0.05956621435,0.01186997057,0.06975717535,1.167526205,4.023479414,3.985504785,0.5508634485,1.766514344,2.032210546,0,nan,nan,0,0,0,-8.726230219e-10,875
0.003981071706,4.00809255,503.3936647,0.06309573445,0.01310691817,0.07102885082,1.17042228,4.026021923,3.984022273,0.5537581852,1.768712337,2.032756744,0,nan,nan,0,0,0,-2.792547678e-10,879
0.004466835922,4.009082518,448.7608889,0.06683439176,0.01446970505,0.07234849458,1.173405233,4.028836809,3.98239188,0.5567682821,1.770940739,2.033322416,0,nan,nan,0,0,0,-6.460047691e-10,858
0.005011872336,4.01019369,400.0694173,0.07079457844,0.0159707387,0.07371877485,1.176478361,4.031952944,3.980599302,0.5598992688,1.773199261,2.033908605,0,nan,nan,0,0,0,-2.641722622e-09,839
0.005623413252,4.011440927,356.6731402,0.07498942093,0.01762359893,0.075142548,1.179645094,4.035402239,3.978628902,0.5631573341,1.775487528,2.034516427,0,nan,nan,0,0,0,-2.171510592e-09,850
0.006309573445,4.01284091,317.996212,0.07943282347,0.01944314201,0.07662287351,1.182909003,4.039219957,3.976463592,0.5665485966,1.777805289,2.035147077,0,nan,nan,0,0,0,-1.231240504e-14,834
0.007079457844,4.014412373,283.5254098,0.08413951416,0.02144561305,0.07816303074,1.186273809,4.043445066,3.974084706,0.5700802178,1.780152092,2.035801831,0,nan,nan,0,0,0,-2.526628512e-09,822
0.007943282347,4.016176352,252.8033234,0.08912509381,0.02364876734,0.07976653717,1.18974338,4.048120632,3.97147186,0.5737586588,1.782527404,2.036482061,0,nan,nan,0,0,0,-1.504840804e-09,814
0.008912509381,4.018156468,225.4222855,0.09440608763,0.0260720011,0.08143716797,1.193321747,4.053294245,3.968602802,0.5775915217,1.784931354,2.037189236,0,nan,nan,0,0,0,-4.50767264e-12,812
0.01,4.020379249,201.0189625,0.1,0.02873649213,0.08317897747,1.197013099,4.059018498,3.965453251,0.5815864771,1.787362563,2.037924933,0,nan,nan,0,0,0,-9.208814074e-10,820
0.01122018454,4.022874488,179.269533,0.1059253725,0.03166535114,0.08499632435,1.200821796,4.065351518,3.961996719,0.5857513675,1.789821209,2.038690846,0,nan,nan,0,0,0,-1.606721251e-09,912
0.01258925412,4.025675643,159.8853913,0.1122018454,0.03488378413,0.08689388999,1.204752368,4.072357547,3.958204321,0.5900951414,1.79230602,2.039488796,0,nan,nan,0,0,0,-6.427726327e-10,899
0.01412537545,4.028820297,142.6093172,0.1188502227,0.03841926641,0.08887671654,1.208809524,4.080107594,3.95404457,0.5946262101,1.794816292,2.040320742,0,nan,nan,0,0,0,-4.091991908e-10,867
0.01584893192,4.032350662,127.2120633,0.1258925412,0.04230172891,0.09095022982,1.212998157,4.088680152,3.949483155,0.599354175,1.7973515,2.041188793,0,nan,nan,0,0,0,-1.228995035e-09,847
0.0177827941,4.036314159,113.4893126,0.1333521432,0.04656375704,0.09312027351,1.21732334,4.098161999,3.944482705,0.6042886504,1.799910475,2.042095221,0,nan,nan,0,0,0,-2.146138183e-09,849
0.01995262315,4.040764057,101.258968,0.1412537545,0.05124080301,0.09539314453,1.221790341,4.108649082,3.939002524,0.6094396643,1.802492229,2.043042475,0,nan,nan,0,0,0,-4.400982719e-11,887
0.02238721139,4.045760203,90.35873503,0.1496235656,0.0563714113,0.09777563093,1.226404614,4.120247504,3.932998317,0.6148179203,1.805095525,2.044033199,0,nan,nan,0,0,0,-2.22565623e-09,860
0.02511886432,4.051369842,80.64396923,0.1584893192,0.06199745853,0.1002750531,1.231171809,4.133074616,3.926421891,0.6204343658,1.807719226,2.045070245,0,nan,nan,0,0,0,-4.813774056e-10,843
0.02818382931,4.057668531,71.98575619,0.1678804018,0.06816440698,0.1028993082,1.236097765,4.147260233,3.919220829,0.6263005099,1.810362072,2.046156695,0,nan,nan,0,0,0,-3.84367881e-09,847
0.0316227766,4.06474118,64.26920114,0.177827941,0.07492157262,0.1056569181,1.241188512,4.162947996,3.911338146,0.6324281288,1.813022567,2.047295882,0,nan,nan,0,0,0,-4.074986445e-10,898
0.03548133892,4.072683218,57.39190433,0.1883649089,0.08232240748,0.1085570794,1.246450266,4.180296873,3.90271191,0.6388297765,1.815699077,2.048491408,0,nan,nan,0,0,0,-7.773415841e-10,854
0.03981071706,4.081601905,51.26260222,0.1995262315,0.09042479546,0.11160972,1.251889423,4.199482848,3.893274847,0.6455178463,1.81839054,2.049747175,0,nan,nan,0,0,0,-4.099154803e-09,816
0.04466835922,4.091617816,45.79995647,0.211348904,0.09929136233,0.1148255563,1.257512554,4.220700797,3.882953907,0.6525053776,1.821094353,2.051067404,0,nan,nan,0,0,0,-2.918851901e-10,787
0.05011872336,4.102866508,40.93147463,0.2238721139,0.1089897976,0.1182161549,1.26332638,4.244166584,3.871669801,0.6598061287,1.823809608,2.05245667,0,nan,nan,0,0,0,-3.67358675e-10,862
0.05623413252,4.115500406,36.59254817,0.2371373706,0.1195931896,0.1217939982,1.269337768,4.270119407,3.859336507,0.6674338685,1.82653365,2.053919932,0,nan,nan,0,0,0,-1.699095831e-09,845
0.06309573445,4.12969092,32.72559513,0.2511886432,0.1311803696,0.1255725518,1.275553708,4.298824419,3.84586074,0.6754025788,1.829264757,2.055462562,0,nan,nan,0,0,0,-3.412125184e-09,845
0.07079457844,4.145630847,29.27929609,0.266072506,0.1438362654,0.1295663361,1.281981277,4.330575667,3.831141384,0.683726581,1.832000789,2.057090389,0,nan,nan,0,0,0,-3.957921455e-09,939
0.07943282347,4.16353707,26.2079131,0.2818382931,0.157652262,0.1337909976,1.288627626,4.365699381,3.815068888,0.6924203279,1.834739161,2.058809732,0,nan,nan,0,0,0,-7.431373477e-10,891
0.08912509381,4.183653615,23.47068281,0.2985382619,0.1727265643,0.1382633833,1.295499908,4.404557671,3.797524614,0.7014989294,1.837477684,2.060627448,0,nan,nan,0,0,0,-1.072873401e-09,847
0.1,4.206255097,21.03127549,0.316227766,0.1891645627,0.1430016134,1.30260526,4.447552668,3.778380157,0.7109761804,1.840213667,2.062550971,0,nan,nan,0,0,0,-3.167121496e-10,809
0.1122018454,4.231650624,18.85731294,0.3349654392,0.2070791944,0.1480251526,1.309950732,4.495131189,3.757496607,0.720866913,1.842944341,2.064588364,0,nan,nan,0,0,0,-6.284740292e-10,784
0.1258925412,4.260188204,16.91993888,0.3548133892,0.2265912971,0.1533548773,1.317543214,4.54778999,3.734723771,0.7311858378,1.845667049,2.066748368,0,nan,nan,0,0,0,-4.45485279e-10,770
0.1412537545,4.292259732,15.19343592,0.3758374043,0.2478299513,0.1590131366,1.32538937,4.606081651,3.709899354,0.7419470005,1.848378761,2.069040455,0,nan,nan,0,0,0,-2.70383687e-10,770
0.1584893192,4.328306644,13.65488433,0.3981071706,0.2709328027,0.1650238034,1.333495533,4.670621267,3.682848075,0.7531617391,1.851076265,2.071474884,0,nan,nan,0,0,0,-3.207150068e-10,890
0.177827941,4.36882631,12.28385788,0.4216965034,0.2960463623,0.171412312,1.341867611,4.742093918,3.653380764,0.7648464011,1.853756286,2.074062757,0,nan,nan,0,0,0,-2.377879054e-10,906
0.1995262315,4.414379284,11.06215271,0.4466835922,0.323326274,0.1782056782,1.350510957,4.821263184,3.621293384,0.7770095029,1.856415323,2.076816072,0,nan,nan,0,0,0,-1.604571639e-09,860
0.2238721139,4.465597533,9.973545736,0.473151259,0.3529375443,0.1854324964,1.359430246,4.908980715,3.586366022,0.7896638696,1.859049698,2.079747785,0,nan,nan,0,0,0,-1.733521949e-09,816
0.2511886432,4.523193758,9.003579344,0.5011872336,0.3850547273,0.1931229078,1.368629326,5.006197039,3.548361829,0.8028172458,1.861655482,2.082871866,0,nan,nan,0,0,0,-3.706262724e-11,786
0.2818382931,4.587971989,8.139369456,0.5308844442,0.4198620543,0.2013085332,1.378111046,5.11397386,3.50702592,0.8164790039,1.864228688,2.086203343,0,nan,nan,0,0,0,-2.830433461e-09,770
0.316227766,4.660839616,7.369434498,0.5623413252,0.4575535055,0.2100223632,1.387877098,5.233497825,3.462084236,0.8306541061,1.866764706,2.089758356,0,nan,nan,0,0,0,-4.9149807e-09,769
0.3548133892,4.74282106,6.68354296,0.5956621435,0.4983328126,0.2192985986,1.397927825,5.366096451,3.413242395,0.8453467655,1.869258936,2.093554195,0,nan,nan,0,0,0,-1.965159187e-09,786
0.3981071706,4.835073314,6.072577527,0.6309573445,0.542413389,0.2291724344,1.408262031,5.51325567,3.360184469,0.8605589728,1.871706457,2.097609327,0,nan,nan,0,0,0,-7.204672194e-10,845
0.4466835922,4.938903634,5.528413984,0.6683439176,0.5900181822,0.2396797774,1.418876787,5.676640106,3.302571828,0.8762897649,1.874101608,2.101943414,0,nan,nan,0,0,0,-1.041439899e-10,802
0.5011872336,5.055789654,5.043813285,0.7079457844,0.6413794466,0.2508568962,1.429767238,5.858115955,3.240041934,0.8925365129,1.876438613,2.106577309,0,nan,nan,0,0,0,-7.968381727e-11,763
0.5623413252,5.187402289,4.612325341,0.7498942093,0.6967384341,0.2627399934,1.440926428,6.059776831,3.172207168,0.9092903598,1.878710956,2.111533042,0,nan,nan,0,0,0,-4.403076906e-09,724
0.6309573445,5.335631812,4.228203268,0.7943282347,0.7563450081,0.2753647029,1.452345127,6.28397316,3.09865377,0.926542327,1.880911524,2.116833767,0,nan,nan,0,0,0,-3.794491529e-09,790
0.7079457844,5.502617543,3.886326936,0.8413951416,0.8204571843,0.28876551,1.464011692,6.53334543,3.018940782,0.9442802414,1.883032126,2.122503694,0,nan,nan,0,0,0,-1.849163808e-09,788
0.7943282347,5.690781649,3.582134815,0.8912509381,0.8893406123,0.3029751002,1.475911966,6.810861933,2.932599208,0.9624858025,1.885063766,2.128567983,0,nan,nan,0,0,0,-3.916432549e-09,801
0.8912509381,5.902867638,3.311563211,0.9440608763,0.9632679921,0.3180236472,1.488029208,7.119861477,2.839131329,0.9811383958,1.886995937,2.135052606,0,nan,nan,0,0,0,-4.481353865e-10,806
1,6.141984165,3.070992083,1,1.042518488,0.3339380536,1.5003441,7.464101791,2.73801029,1.000216011,1.88881655,2.141984165,0,nan,nan,0,0,0,-9.257443027e-10,834
1.122018454,6.411654893,2.857196719,1.059253725,1.127377093,0.3507411641,1.512834792,7.847814332,2.628680064,1.019690476,1.890511239,2.149389686,0,nan,nan,0,0,0,-2.154195305e-09,798
1.258925412,6.715875202,2.667304647,1.122018454,1.218133998,0.3684509791,1.525477,8.275766293,2.510555909,1.039530939,1.89206269,2.157296355,0,nan,nan,0,0,0,-1.816630719e-09,761
1.412537545,7.059176678,2.498757185,1.188502227,1.315084067,0.3870798927,1.538244248,8.753330833,2.383025444,1.059704256,1.893449775,2.165731233,0,nan,nan,0,0,0,-7.842528114e-09,727
1.584893192,7.446700391,2.349275152,1.258925412,1.418526244,0.4066339938,1.551108073,9.286566498,2.245450638,1.080174374,1.894645771,2.174720926,0,nan,nan,0,0,0,-1.239783346e-09,694
1.77827941,7.884280122,2.216828266,1.333521432,1.528763131,0.4271124566,1.564038356,9.88230692,2.097170834,1.100900087,1.895616861,2.184291231,0,nan,nan,0,0,0,-5.962163431e-10,730
1.995262315,8.37853683,2.099607848,1.412537545,1.646100701,0.4485070572,1.577003779,10.54826239,1.937507318,1.121842716,1.896317962,2.194466761,0,nan,nan,0,0,0,-6.083673994e-09,696
2.238721139,8.936985796,1.996002459,1.496235656,1.77084793,0.4708018427,1.589972102,11.29313413,1.765769807,1.142957545,1.89668819,2.20527055,0,nan,nan,0,0,0,-6.903830436e-10,662
2.511886432,9.568158091,1.904576172,1.584893192,1.903316918,0.4939729756,1.602910828,12.12674412,1.581265458,1.164203179,1.896641208,2.216723663,0,nan,nan,0,0,0,-2.021873092e-09,633
2.818382931,10.28173816,1.824049183,1.678804018,2.043822708,0.5179887645,1.615787458,13.06018138,1.38331062,1.185529706,1.89604921,2.228844808,0,nan,nan,0,0,0,-1.15240717e-11,613
3.16227766,11.08871963,1.753280518,1.77827941,2.192683647,0.5428098981,1.628570115,14.10596624,1.171247614,1.206897146,1.894712209,2.241649971,0,nan,nan,0,0,0,-9.445554673e-09,590
3.548133892,12.00158152,1.691252626,1.883649089,2.350221652,0.5683898525,1.641227922,15.27823684,0.9444629981,1.228259017,1.892289796,2.255152079,0,nan,nan,0,0,0,-1.678752099e-10,567
3.981071706,13.03448769,1.637057638,1.995262315,2.516762903,0.5946754947,1.653731579,16.59295892,0.702407656,1.249572196,1.888137189,2.269360703,0,nan,nan,0,0,0,-6.18762562e-09,562
4.466835922,14.20351209,1.589885138,2.11348904,2.692638097,0.6216078134,1.666053434,18.0681628,0.4445617585,1.270791102,1.880689856,2.28428182,0,nan,nan,0,0,0,-1.704104816e-09,633
5.011872336,15.52689348,1.549011271,2.238721139,2.878183507,0.649122808,1.678168048,19.72420976,0.2488932839,1.291876215,1.857815206,2.299917617,1,1.863565898,1.862145735,1,0,0,-3.501903723e-09,414
5.623413252,17.02532301,1.513789068,2.371373706,3.073741691,0.6771524004,1.690052336,21.58409284,0,1.312788032,1.841487478,2.316266372,1,1.867151697,1.862021782,1,0,0,-7.677912659e-09,394
6.309573445,18.722269,1.483639835,2.511886432,3.279662402,0.7056254863,1.701685731,23.67377624,0,1.33348869,1.866832715,2.333322392,1,1.871985828,1.863336624,1,0,0,-7.186746507e-09,589
7.079457844,20.64434357,1.458045519,2.66072506,3.496303626,0.7344689596,1.713050322,26.02257716,0,1.353943347,1.885269631,2.35107602,1,1.877487324,1.865814066,1,0,0,-1.114772884e-10,588
7.943282347,22.82171634,1.436541932,2.818382931,3.72403267,0.7636086663,1.724130904,28.66359573,0,1.374121182,1.900269766,2.3695137,1,1.883370773,1.869227874,1,0,0,-3.281217834e-09,563
8.912509381,25.28858127,1.418712743,2.985382619,3.963227097,0.7929704196,1.734914895,31.63420054,0,1.393990755,1.912923041,2.388618105,1,1.889463005,1.873386342,1,0,0,-1.398563079e-09,544
10,28.08368323,1.404184162,3.16227766,4.214275893,0.8224808742,1.745392298,34.97657399,0,1.413527896,1.923731819,2.408368323,1,1.895637874,1.878124078,1,0,0,-4.150334201e-09,523
11.22018454,31.25091196,1.39262023,3.349654392,4.47758061,0.8520683418,1.755555609,38.73832776,0,1.43270665,1.933104099,2.428740085,1,1.901804489,1.883297257,1,0,0,-1.150574111e-09,505
12.58925412,34.83997161,1.383718657,3.548133892,4.753556354,0.881663439,1.76539962,42.97319497,0,1.4515086,1.941227153,2.449706021,1,1.907892016,1.888780664,1,0,0,-1.79927213e-09,488
14.12537545,38.9071359,1.377207142,3.758374043,5.042633308,0.9111997587,1.774921374,47.74181028,0,1.469914417,1.948318625,2.47123597,1,1.913848736,1.894465665,1,0,0,-1.376679963e-08,471
15.84893192,43.51609915,1.372840118,3.981071706,5.345256892,0.9406143091,1.784119697,53.11258694,0,1.487909669,1.954521922,2.493297298,1,1.919632279,1.900258651,1,0,0,-1.902488101e-10,456
17.7827941,48.73893553,1.37039588,4.216965034,5.661889692,0.9698479024,1.792995275,59.16270596,0,1.505480886,1.959951152,2.51585523,1,1.925210669,1.906079744,1,0,0,-1.085364193e-08,449
19.95262315,54.6571801,1.369674045,4.466835922,5.993013016,0.998845451,1.801550525,65.97922716,0,1.522619679,1.964721801,2.538873196,1,1.930560819,1.911861603,1,0,0,-7.483087748e-09,437
22.38721139,61.36304656,1.370493303,4.73151259,6.339125679,1.027556099,1.809788866,73.66034175,0,1.539317829,1.96890311,2.562313169,1,1.935669253,1.9175483,1,0,0,-3.151994308e-10,423
25.11886432,68.96079961,1.372689441,5.011872336,6.700748613,1.055933384,1.817715344,82.31678069,0,1.555570318,1.972583315,2.586136013,1,1.940520361,1.923094231,1,0,0,-1.792610382e-10,411
28.18382931,77.56830033,1.376113577,5.308844442,7.078421781,1.083935216,1.825335561,92.07339988,0,1.571373152,1.975820624,2.610301798,1,1.9451126,1.928463048,1,0,0,-5.842204449e-13,587
31.6227766,87.31874718,1.380630618,5.623413252,7.472708424,1.111523881,1.832656184,103.0709629,0,1.586725721,1.978669496,2.634770129,1,1.949441758,1.933626631,1,0,0,-7.840427613e-09,578
35.48133892,98.3626357,1.386117868,5.956621435,7.884195071,1.138665883,1.839684591,115.4681481,0,1.601628138,1.981178024,2.659500418,1,1.953509392,1.938564098,1,0,0,-2.270174736e-09,562
39.81071706,110.8699662,1.392463819,6.309573445,8.313494201,1.165331873,1.846428825,129.4438053,0,1.616082333,1.983388311,2.684452181,1,1.957319073,1.943260865,1,0,0,-8.198344127e-09,549
44.66835922,125.0327285,1.399567062,6.683439176,8.761239605,1.191496453,1.852896828,145.1994946,0,1.630091032,1.985339181,2.709585278,1,1.960876486,1.947707768,1,0,0,-6.593163166e-11,535
50.11872336,141.067699,1.407335318,7.079457844,9.228092957,1.217137977,1.859097132,162.9623412,0,1.643660969,1.987050635,2.734860144,1,1.964189691,1.951900241,1,0,0,-1.324067189e-08,523
56.23413252,159.2195893,1.415684587,7.498942093,9.714746641,1.242238346,1.865038776,182.988253,0,1.656792323,1.988568129,2.760237997,1,1.967268492,1.955837578,1,0,0,-2.905599484e-10,512
63.09573445,179.7645895,1.424538371,7.943282347,10.22192192,1.266782782,1.870730819,205.5655082,0,1.669498874,1.989902268,2.785681014,1,1.970121539,1.959522252,1,0,0,-5.153971043e-09,499
70.79457844,203.0143556,1.433826997,8.413951416,10.75036279,1.29075959,1.876181728,231.0188511,0,1.681780107,1.991079624,2.811152492,1,1.972759571,1.962959314,1,0,0,-1.524558312e-08,489
79.43282347,229.3204961,1.443487,8.912509381,11.30084827,1.314159934,1.881400419,259.7140455,0,1.693650836,1.992118511,2.836616983,1,1.975194721,1.96615586,1,0,0,-3.698505392e-08,479
89.12509381,259.0796196,1.453460571,9.440608763,11.87419151,1.336977598,1.886395899,292.062978,0,1.705118518,1.993034113,2.862040405,1,1.977437213,1.969120561,1,0,0,-2.356733987e-08,470
100,292.7390135,1.463695067,10,12.47124419,1.359208764,1.891177227,328.5294716,0,1.716186397,1.993843978,2.887390135,1,1.979499015,1.971863258,1,0,0,-2.854971472e-08,459
112.2018454,330.8030315,1.474142561,10.59253725,13.0928831,1.380851792,1.895752601,369.6357665,0,1.726870944,1.994557062,2.912635084,1,1.98139129,1.974394618,1,0,0,-4.168103586e-08,590
125.8925412,373.840278,1.48475944,11.22018454,13.74002433,1.401907007,1.900130592,415.9697652,0,1.737177224,1.995188661,2.937745751,1,1.983125084,1.976725835,1,0,0,-4.492458582e-08,579
141.2537545,422.4916882,1.495506048,11.88502227,14.41360608,1.422376505,1.904318387,468.1933021,0,1.747118364,1.995745208,2.962694264,1,1.984711655,1.978868391,1,0,0,-4.79928409e-08,572
158.4893192,477.4796141,1.506346347,12.58925412,15.11462906,1.442263954,1.908324641,527.0513478,0,1.756702039,1.996237038,2.9874544,1,1.986160642,1.980833846,1,0,0,-2.243194513e-08,564
177.827941,539.6180424,1.517247625,13.33521432,15.84414468,1.46157442,1.912157806,593.3821543,0,1.765937411,1.996671902,3.012001597,1,1.987482893,1.982633677,1,0,0,-1.981176685e-08,554
199.5262315,609.8240829,1.528180226,14.12537545,16.60322967,1.480314222,1.915825041,668.1293694,0,1.774839331,1.997054974,3.036312962,1,1.988687557,1.984279147,1,0,0,1.468568767e-10,544
223.8721139,689.1308837,1.539117293,14.96235656,17.39297695,1.498490736,1.919332611,752.3544871,0,1.783416441,1.997394199,3.060367242,1,1.989783953,1.985781195,1,0,0,-3.725031663e-09,537
251.1886432,778.7021515,1.550034551,15.84893192,18.21453829,1.516112281,1.922687352,847.2521825,0,1.791671868,1.997695284,3.084144816,1,1.990780446,1.987150368,1,0,0,-4.374221788e-08,529
281.8382931,879.8484759,1.560910099,16.78804018,19.06913922,1.533187993,1.925896647,954.1661545,0,1.799629373,1.997960624,3.107627662,1,1.991685555,1.988396754,1,0,0,-2.450112023e-08,524
316.227766,994.0456755,1.571724216,17.7827941,19.95806587,1.549727689,1.928967466,1074.608402,0,1.807283179,1.998194803,3.130799322,1,1.992506441,1.989529946,1,0,0,-8.20744942e-08,519
354.8133892,1122.95542,1.582459195,18.83649089,20.88263847,1.565741761,1.931905841,1210.27923,0,1.814656252,1.998402258,3.153644858,1,1.993250075,1.990559019,1,0,0,-2.974187466e-08,524
398.1071706,1268.448409,1.593099174,19.95262315,21.84417987,1.581241074,1.934716771,1363.091645,0,1.82174814,1.998585499,3.176150802,1,1.993923748,1.991492515,1,0,0,-9.126105046e-08,516
446.6835922,1432.630418,1.60363,21.1348904,22.84406723,1.596236893,1.93740544,1535.196511,0,1.828580072,1.998747698,3.198305116,1,1.994532965,1.992338439,1,0,0,1.171323329e-09,509
501.1872336,1617.871571,1.614039088,22.38721139,23.88382138,1.61074077,1.939978941,1729.013331,0,1.835141086,1.998891001,3.220097126,1,1.995083541,1.993104266,1,0,0,-1.157591134e-07,604
562.3413252,1826.839233,1.624315297,23.71373706,24.96497663,1.624764506,1.942441288,1947.262123,0,1.841471475,1.999017909,3.241517476,1,1.995580952,1.993796951,1,0,0,-4.521717529e-08,597
630.9573445,2062.534969,1.634448816,25.11886432,26.08913301,1.638320053,1.944798139,2193.002182,0,1.847544712,1.999130243,3.262558059,1,1.99602989,1.994422947,1,0,0,-1.237610159e-08,592
707.9457844,2328.336071,1.644431058,26.6072506,27.25795608,1.651419466,1.947054162,2469.671982,0,1.853393114,1.999229706,3.283211966,1,1.996434692,1.994988221,1,0,0,-8.402954806e-09,585
794.3282347,2628.042219,1.654254566,28.18382931,28.47313779,1.664074879,1.949213521,2781.138939,0,1.859014507,1.999317773,3.303473431,1,1.996799516,1.995498279,1,0,0,-6.408521542e-08,580
891.2509381,2965.927888,1.663912912,29.85382619,29.73644977,1.676298395,1.951280417,3131.749128,0,1.864440919,1.999395393,3.32333775,1,1.997128166,1.995958189,1,0,0,-6.293696228e-08,574
1000,3346.801248,1.673400624,31.6227766,31.04985412,1.688102107,1.953260006,3526.389517,0,1.869635218,1.999464604,3.342801248,1,1.997424021,1.996372606,1,0,0,-5.156755203e-08,567
1122.018454,3776.070307,1.682713102,33.49654392,32.41511147,1.699498026,1.955154525,3970.551468,0,1.874643013,1.999525591,3.3618612,1,1.997690198,1.996745794,1,0,0,-6.125043466e-08,564
1258.925412,4259.817228,1.691846549,35.48133892,33.83447521,1.71049808,1.956969572,4470.408262,0,1.879461714,1.999579707,3.380515786,1,1.997929564,1.997081659,1,0,0,-1.851419624e-08,558
1412.537545,4804.881783,1.700797902,37.58374043,35.30974238,1.721114016,1.958706988,5032.89925,0,1.884076566,1.999627454,3.39876402,1,1.998144648,1.997383765,1,0,0,-2.381412441e-08,555
1584.893192,5418.95514,1.709564772,39.81071706,36.84328395,1.731357516,1.960371863,5665.819713,0,1.888526136,1.9996699,3.416605716,1,1.998337971,1.997655363,1,0,0,-4.836293313e-08,551
1778.27941,6110.685124,1.718145385,42.16965034,38.43733991,1.741239995,1.961966278,6377.936258,0,1.892798368,1.999707386,3.434041405,1,1.998511508,1.997899413,1,0,0,-2.513901623e-07,547
1995.262315,6889.794512,1.726538526,44.66835922,40.09422111,1.750772717,1.963493756,7179.090536,0,1.896914081,1.999740624,3.451072303,1,1.998667284,1.998118608,1,0,0,-2.454806892e-07,545
2238.721139,7767.213849,1.734743491,47.3151259,41.81638637,1.759966682,1.964957294,8080.353361,0,1.900888262,1.999770105,3.467700249,1,1.998807096,1.998315394,1,0,0,-9.116719278e-08,540
2511.886432,8755.230737,1.742760068,50.11872336,43.60646851,1.768832886,1.966360113,9094.150162,0,1.904680927,1.999796133,3.483927707,1,1.998932472,1.998491988,1,0,0,-1.542425623e-07,612
2818.382931,9867.657054,1.750588421,53.08844442,45.46679454,1.777381752,1.967703585,10234.45466,0,1.90832321,1.999819242,3.499757589,1,1.999044842,1.9986504,1,0,0,-6.802243771e-08,603
3162.27766,11120.01754,1.758229153,56.23413252,47.40041901,1.785623801,1.968991678,11516.95616,0,1.911853683,1.999839797,3.515193395,1,1.99914563,1.998792452,1,0,0,-4.007551283e-07,605
3548.133892,12529.76056,1.765683165,59.56621435,49.41006713,1.793569034,1.970226181,12959.29253,0,1.915233024,1.99985789,3.530238976,1,1.99923592,1.998919787,1,0,0,-6.003698717e-08,600
3981.071706,14116.49576,1.772951707,63.09573445,51.49874234,1.801227409,1.971409735,14581.26243,0,1.91847071,1.999874048,3.54489866,1,1.999316755,1.999033895,1,0,0,-1.683873608e-07,599
4466.835922,15902.26019,1.780036301,66.83439176,53.66949002,1.808608547,1.972544391,16405.11818,0,1.921603324,1.999888284,3.559177115,1,1.999389204,1.999136117,1,0,0,-7.003558734e-08,596
5011.872336,17911.81736,1.786938708,70.79457844,55.92549047,1.815721755,1.973632263,18455.85975,0,1.924616582,1.999900941,3.573079312,1,1.999454035,1.999227665,1,0,0,-6.051803545e-08,597
5623.413252,20172.99352,1.793660951,74.98942093,58.27014646,1.82257629,1.974675584,20761.55849,0,1.927491225,1.999912128,3.586610591,1,1.999512081,1.999309632,1,0,0,-2.408130513e-07,595
6309.573445,22717.05394,1.800205207,79.43282347,60.70679005,1.829180882,1.97567592,23353.73725,0,1.930255893,1.999922054,3.599776457,1,1.999564008,1.999383,1,0,0,-2.208015731e-07,590
7079.457844,25579.12692,1.806573857,84.13951416,63.23907193,1.835544125,1.97663538,26267.82763,0,1.932944268,1.99993086,3.612582698,1,1.999610462,1.999448657,1,0,0,-8.058344865e-08,590
7943.282347,28798.67963,1.812769481,89.12509381,65.8707621,1.841674745,1.977555632,29543.60151,0,1.935506424,1.999938683,3.625035391,1,1.999652028,1.999507399,1,0,0,-3.193585971e-08,592
8912.509381,32420.04947,1.81879469,94.40608763,68.60570578,1.847580393,1.978438618,33225.74226,0,1.937959644,1.999945589,3.637140572,1,1.999689192,1.999559943,1,0,0,-7.894699747e-07,586
10000,36493.0464,1.82465232,100,71.44791015,1.853269253,1.979285588,37364.42132,0,1.940334172,1.999951728,3.64890464,1,1.99972242,1.999606934,1,0,0,-2.617507861e-07,589
11220.18454,41073.6228,1.830345243,105.9253725,74.40157663,1.858748817,1.980098221,42015.9805,nan,1.942621587,nan,3.660333985,1,1.999752122,nan,0,0,-4.030425031e-14,-7.703001643e-07,582
12589.25412,46224.63055,1.835876459,112.2018454,77.47114024,1.864026608,1.980878084,47243.71952,nan,1.944820188,nan,3.671435188,1,1.999778663,nan,0,0,0,-5.824061478e-09,582
14125.37545,52016.66574,1.841248961,118.8502227,80.6608646,1.869109394,1.981626201,53118.66909,nan,1.946914013,nan,3.682214745,1,1.999802392,nan,0,0,0,3.449412804e-10,581
15848.93192,58529.0268,1.846465966,125.8925412,83.97572147,1.874004896,1.982344305,59720.6085,nan,1.948946383,nan,3.69267955,1,1.99982359,nan,0,0,0,-3.423725618e-07,581
17782.7941,65850.77328,1.851530556,133.3521432,87.42049148,1.878719202,1.983033512,67139.19443,nan,1.950898545,nan,3.702836175,1,1.999842533,nan,0,0,0,-4.546124595e-08,582
19952.62315,74081.93181,1.856445923,141.2537545,91.00032142,1.883258898,1.983695128,75474.96394,nan,1.952764871,nan,3.712691372,0,nan,nan,0,0,0,-6.075147292e-08,626
22387.21139,83334.84184,1.861215325,149.6235656,94.72026725,1.887630414,1.984330071,84840.94809,nan,1.954579499,nan,3.722251977,0,nan,nan,0,0,0,-1.541066826e-09,617
25118.86432,93735.66114,1.865841942,158.4893192,98.58612964,1.891839567,1.984939883,95363.95115,nan,1.95630147,nan,3.731524641,0,nan,nan,0,0,0,-4.869583179e-07,611
28183.82931,105426.0727,1.870329108,167.8804018,102.6034269,1.895892728,1.985525222,107186.3484,nan,1.957957475,nan,3.74051629,0,nan,nan,0,0,0,-1.029837123e-06,607
31622.7766,118565.173,1.874679989,177.827941,106.7778749,1.89979506,1.98608704,120468.0508,nan,1.959566444,nan,3.749233486,0,nan,nan,0,0,0,-3.725829163e-07,605
35481.33892,133331.6219,1.878897837,188.3649089,111.1158619,1.903552205,1.986626581,135388.6138,nan,1.961104612,nan,3.757682938,0,nan,nan,0,0,0,-2.715133338e-07,602
39810.71706,149926.0391,1.882985917,199.5262315,115.6238493,1.907169617,1.987144735,152149.5357,nan,1.962586875,nan,3.765871358,0,nan,nan,0,0,0,-1.987540184e-07,601
44668.35922,168573.683,1.886947338,211.348904,120.3082706,1.910651882,1.98764241,170977.0725,nan,1.964016208,nan,3.773805127,0,nan,nan,0,0,0,-5.429876479e-07,600
50118.72336,189527.5021,1.890785413,223.8721139,125.17623,1.914004719,1.988120353,192125.2547,nan,1.96538325,nan,3.781491015,0,nan,nan,0,0,0,-6.91691334e-08,598
56234.13252,213071.4968,1.894503278,237.1373706,130.2349806,1.917232676,1.988579476,215879.2581,nan,1.966703458,nan,3.788935425,0,nan,nan,0,0,-9.7665008e-15,-1.00232369e-06,599
63095.73445,239524.5241,1.898103939,251.1886432,135.4914066,1.92033975,1.989020291,242559.1281,nan,1.967961645,nan,3.796144481,0,nan,nan,0,0,0,-1.091230876e-07,599
70794.57844,269244.5986,1.901590521,266.072506,140.9536673,1.923330623,1.989443816,272524.2584,nan,1.969183667,nan,3.803124541,0,nan,nan,0,0,0,-1.137333236e-06,595
79432.82347,302633.6919,1.904966226,281.8382931,146.630253,1.926210384,1.989850777,306178.1099,nan,1.970369473,nan,3.809882095,0,nan,nan,0,0,0,-1.247709605e-06,595
89125.09381,340143.0381,1.90823383,298.5382619,152.5283911,1.928981933,1.990241528,343973.4577,nan,1.971485197,nan,3.816422778,0,nan,nan,0,0,0,-1.33696237e-07,598
100000,382279.2825,1.911396412,316.227766,158.6576609,1.931649835,1.990617099,386418.687,nan,1.972564683,nan,3.822752825,0,nan,nan,0,0,0,-1.370155384e-06,592
112201.8454,429611.2014,1.914456931,334.9654392,165.0270175,1.934218434,1.990977912,434084.361,nan,1.973610896,nan,3.828878213,0,nan,nan,0,0,0,-3.453858051e-07,597
125892.5412,482777.2783,1.917418116,354.8133892,171.6455421,1.936690331,1.991324623,487611.0011,nan,1.974609319,nan,3.834804459,0,nan,nan,0,0,0,-3.210627042e-06,595
141253.7545,542494.3285,1.920282864,375.8374043,178.5231229,1.939069899,1.991657757,547717.5056,nan,1.97557314,nan,3.840537411,0,nan,nan,0,0,0,-4.86449072e-06,592
158489.3192,609567.0204,1.923053942,398.1071706,185.6699982,1.941360391,1.991977893,615210.9077,nan,1.976503617,nan,3.846082646,0,nan,nan,0,0,0,-4.488677528e-06,590
177827.941,684898.6244,1.925734,421.6965034,193.0965278,1.943564911,1.992285559,690996.9953,nan,1.977391868,nan,3.851445507,0,nan,nan,0,0,0,-1.445450925e-06,593
199526.2315,769503.1181,1.928325695,446.6835922,200.8135498,1.945686642,1.992581213,776092.3428,nan,1.978249706,nan,3.856631343,0,nan,nan,0,0,0,-3.283803623e-07,594
223872.1139,864518.713,1.930831621,473.151259,208.8325914,1.947728831,1.992865408,871638.229,nan,1.979079094,nan,3.861645375,0,nan,nan,0,0,0,-4.423760783e-06,587
251188.6432,971223.1311,1.933254463,501.1872336,217.1658837,1.949694721,1.99313858,978915.3201,nan,1.979868508,nan,3.866493003,0,nan,nan,0,0,0,-1.785940413e-06,595
281838.2931,1091050.438,1.935596519,530.8844442,225.8247235,1.951586668,1.993400966,1099361.278,nan,1.980633517,nan,3.871178846,0,nan,nan,0,0,0,-3.048737103e-09,596
316227.766,1225610.477,1.937860315,562.3413252,234.8227856,1.953407757,1.99365329,1234589.497,nan,1.981365545,nan,3.875707982,0,nan,nan,0,0,0,-5.445983164e-07,596
354813.3892,1376710.129,1.940048164,595.6621435,244.1727274,1.955160281,1.993895855,1386410.855,nan,1.98207348,nan,3.880085055,0,nan,nan,0,0,0,-5.770382296e-07,594
398107.1706,1546377.565,1.942162412,630.9573445,253.8886414,1.956847008,1.994129036,1556857.874,nan,1.982752072,nan,3.884314776,0,nan,nan,0,0,0,-1.769922198e-09,594
446683.5922,1736889.267,1.944205359,668.3439176,263.9847715,1.958470586,1.994353154,1748211.483,nan,1.983404097,nan,3.888401763,0,nan,nan,0,0,0,-2.164712558e-06,592
501187.2336,1950800.307,1.946179168,707.9457844,274.4760631,1.960033092,1.99456864,1963031.899,nan,1.984035077,nan,3.892350355,0,nan,nan,0,0,0,-9.416877481e-06,593
562341.3252,2190978.458,1.94808594,749.8942093,285.3774068,1.961536664,1.994775802,2204192.375,nan,1.98463824,nan,3.896164767,0,nan,nan,0,0,0,-3.159045638e-09,590
630957.3445,2460642.648,1.949927891,794.3282347,296.7058131,1.962984058,1.994974983,2474917.283,nan,1.985218118,nan,3.899849442,0,nan,nan,0,0,0,-1.260703718e-05,591
707945.7844,2763405.523,1.951707026,841.3951416,308.4776234,1.964377118,1.995166468,2778825.808,nan,1.985781041,nan,3.903408402,0,nan,nan,0,0,0,-1.402053115e-06,589
794328.2347,3103321.686,1.953425265,891.2509381,320.709503,1.965717576,1.995350566,3119979.456,nan,1.98631676,nan,3.906845495,0,nan,nan,0,0,0,-1.821223268e-07,591
891250.9381,3484941.883,1.955084552,944.0608763,333.420085,1.967007315,1.995527631,3502936.169,nan,1.986833517,nan,3.910164617,0,nan,nan,0,0,0,-7.407481786e-06,590
1000000,3913373.813,1.956686906,1000,346.62867,1.968249468,1.995697836,3932811.325,nan,1.987331028,nan,3.913369813,0,nan,nan,0,0,0,-1.39118882e-05,591
