KA,sigma_t,n_distinct,theory_E,theory_S1,theory_S2,S1_status,S1_lo,S1_hi,S1_sim,S1_inc_lo,S1_inc_hi,S1_inc,S1_sharp,S1_sim_zad,S1_err,S2_status,S2_lo,S2_hi,S2_sim,S2_inc_lo,S2_inc_hi,S2_inc,S2_sharp,S2_sim_zad,S2_err,E_method,E_sim,E_lo,E_hi,E_quad,E_err,E_half_bracket,win_sim_lo,win_sim_hi,win_sim_width,win_th_width,E_in_window_sim,dE,dS1,dS2
0,0,0,4,4,4,ok,5.2,5.6,5.4,4,4.4,0.2962,False,5.8,0.2,ok,5.2,5.6,5.4,4,4.4,0.2534,False,5.8,0.2,none,nan,nan,nan,nan,nan,nan,5.4,5.4,0,0,False,nan,1.4,1.4
0.06667,0.13334,0,4.27573,4.57615,3.7226,ok,5.6,6,5.8,4.8,5.2,0.3036,False,5.8,0.2,ok,5.6,6,5.8,4.8,5.2,0.2993,False,5.8,0.2,none,nan,nan,nan,nan,nan,nan,5.8,5.8,0,0.85355,False,nan,1.22385,2.0774
0.1333,0.2666,0,4.55575,5.06055,3.52742,ok,6,6.4,6.2,5.6,6,0.3446,True,6.2,0.2,ok,6,6.4,6.2,5.6,6,0.3444,True,6.2,0.2,none,nan,nan,nan,nan,nan,nan,6.2,6.2,0,1.53313,False,nan,1.13945,2.67258
0.2,0.4,0,4.83911,5.51965,3.3579,ok,6.4,6.8,6.6,6,6.4,0.3949,True,6.6,0.2,ok,6,6.4,6.2,6,6.4,0.4439,True,6.6,0.2,none,nan,nan,nan,nan,nan,nan,6.2,6.6,0.4,2.16175,False,nan,1.08035,2.8421
0.2667,0.5334,1,5.12506,5.96458,3.20402,ok,6.8,7.2,7,6.8,7.2,0.4126,True,7,0.2,ok,6.4,6.8,6.6,6.4,6.8,0.6421,True,6.6,0.2,bracket,6.6,6.4,6.8,nan,0.2,0.2,6.6,7,0.4,2.76055,True,1.47494,1.03542,3.39598
0.3333,0.6666,1,5.41285,6.39969,3.0614,ok,7.2,7.6,7.4,7.2,7.6,0.5052,True,7.4,0.2,ok,6.8,7.2,7,6.8,7.2,0.6049,True,7,0.2,bracket,7,6.8,7.2,nan,0.2,0.2,7,7.4,0.4,3.33828,True,1.58715,1.00031,3.9386
0.4,0.8,2,5.70317,6.82901,2.92703,ok,7.6,8,7.8,7.6,8,0.5944,True,7.8,0.2,ok,6.8,7.2,7,6.8,7.2,0.8293,True,7,0.2,interp,7.50335,7.2,7.6,nan,0.0409593,0.2,7,7.8,0.8,3.90197,True,1.80019,0.970991,4.07297
0.4667,0.9334,3,5.9954,7.25356,2.7995,ok,8,8.4,8.2,8,8.4,0.6359,True,8.2,0.2,ok,6.8,7.2,7,6.8,7.2,0.9433,True,7,0.2,interp,7.86736,7.6,8,7.84833,0.0477206,0.2,7,8.2,1.2,4.45407,True,1.87195,0.946435,4.2005
0.5333,1.0666,5,6.289,7.67384,2.67783,ok,8.8,9.2,9,8.8,9.2,0.4081,True,9,0.2,ok,7.2,7.6,7.4,6.8,7.2,0.5948,True,7.4,0.2,interp,8.2628,8,8.4,8.25954,0.042824,0.2,7.4,9,1.6,4.99601,True,1.9738,1.32616,4.72217
0.6,1.2,5,6.58473,8.09187,2.56085,ok,9.2,9.6,9.4,9.2,9.6,0.4847,True,9.4,0.2,ok,7.2,7.6,7.4,7.2,7.6,0.9904,True,7.4,0.2,interp,8.65622,8.4,8.8,8.64302,0.0488777,0.2,7.4,9.4,2,5.53103,True,2.07149,1.30813,4.83915
0.6667,1.3334,6,6.88206,8.50761,2.44811,ok,9.6,10,9.8,9.6,10,0.5296,True,9.8,0.2,ok,7.2,7.6,7.4,7.2,7.6,1.064,True,7.4,0.2,interp,9.2188,9.2,9.6,9.2266,0.0316038,0.2,7.4,9.8,2.4,6.0595,True,2.33673,1.29239,4.95189
0.7333,1.4666,7,7.18047,8.92086,2.33928,ok,10,10.4,10.2,10,10.4,0.5563,True,10.2,0.2,ok,7.2,7.6,7.4,7.2,7.6,1.1031,True,7.4,0.2,interp,9.50165,9.2,9.6,9.50505,0.0454685,0.2,7.4,10.2,2.8,6.58158,True,2.32117,1.27914,5.06072
0.8,1.6,8,7.48078,9.33319,2.23365,ok,10.4,10.8,10.6,10.4,10.8,0.5851,True,10.6,0.2,ok,7.2,7.6,7.4,7.2,7.6,1.1489,True,7.4,0.2,interp,9.86043,9.6,10,9.85352,0.0400275,0.2,7.4,10.6,3.2,7.09955,True,2.37965,1.26681,5.16635
0.8667,1.7334,10,7.78248,9.74426,2.13105,ok,11.2,11.6,11.4,11.2,11.6,0.4498,True,11.4,0.2,ok,7.2,7.6,7.4,7.2,7.6,1.1869,True,7.4,0.2,interp,10.2241,10,10.4,10.2047,0.0413931,0.2,7.4,11.4,4,7.61321,True,2.44159,1.65574,5.26895
0.9333,1.8666,11,8.08505,10.1537,2.03138,ok,11.6,12,11.8,11.6,12,0.4811,True,11.8,0.2,ok,7.2,7.6,7.4,7.2,7.6,1.2092,True,7.4,0.2,interp,10.6906,10.4,10.8,10.6706,0.05417,0.2,7.4,11.8,4.4,8.12228,True,2.60551,1.64635,5.36862
1,2,12,8.38937,10.5628,1.93409,high,12,nan,nan,11.6,12,0.0924,False,nan,0.2,ok,7.2,7.6,7.4,7.2,7.6,1.2341,True,7.4,0.2,interp,11.0909,10.8,11.2,11.0997,0.0362557,0.2,7.4,nan,nan,8.62869,False,2.70152,nan,5.46591
