file,KA,KI,w,sigma,z,zad,E,z_th,E_th,E_th_at_zsim,E_th_env
flat,0.7333,1.9,7.6,1.4666,0.9232,0.821215,-3.23538,0.485188,-0.678334,-0.363007,-1.3336
flat,0.8,0.6,2.4,1.6,0.4005,0.265608,-0.555632,0,0,1.47345,9.6
flat,0.6667,0.9,3.6,1.3334,0.4658,0.327741,-0.917726,0,0,1.1154,6.1336
flat,1,2.3,9.2,2,0.9888,0.889835,-4.17088,0.600833,-1.20196,-0.918615,-2.4
flat,0.6,1.3,5.2,1.2,0.6404,0.505944,-1.58765,0.112564,-0.0564666,0.663097,2.4
flat,0.2667,1.2,4.8,0.5334,0.7713,0.642497,-1.59256,0.152427,-0.0506912,0.386893,0.5336
flat,0.3333,1.4,5.6,0.6666,0.8885,0.770461,-2.1471,0.346154,-0.2179,0.056465,-0.5336
flat,0.4667,0.6,2.4,0.9334,0.4139,0.276436,-0.566289,0,0,1.24518,6.9336
flat,0.5333,1.7,6.8,1.0666,0.9647,0.861549,-2.90271,0.485426,-0.52178,-0.261398,-1.3336
flat,0.8667,0.6,2.4,1.7334,0.3989,0.266184,-0.558013,0,0,1.51722,10.1336
flat,0.6,1,4,1.2,0.5088,0.368009,-1.06341,0,0,0.989482,4.8
flat,0.7333,1.7,6.8,1.4666,0.8016,0.70352,-2.60556,0.320176,-0.359052,0.140825,0.2664
flat,0.1333,0.5,2,0.2666,0.4208,0.274453,-0.470591,0,0,1.06822,5.0664
flat,0.9333,1.6,6.4,1.8666,0.6795,0.548604,-2.07638,0.191392,-0.188457,0.591427,2.6664
flat,0.5333,0.5,2,1.0666,0.3914,0.257389,-0.458693,0,0,1.37172,8.2664
flat,1,1.6,6.4,2,0.6444,0.525978,-2.04216,0.1773,-0.17504,0.606768,3.2
flat,0.3333,1.2,4.8,0.6666,0.7052,0.569789,-1.52664,0.118911,-0.0399088,0.483961,1.0664
flat,0.5333,2,8,1.0666,1.2254,1.1158,-4.02228,2,-3.73333,-1.51805,-3.7336
flat,0.6667,2.3,9.2,1.3334,1.3266,1.24293,-5.1199,2,-5.06667,-2.37999,-5.0664
flat,0.9333,2.8,11.2,1.8666,1.3918,1.30925,-6.54267,2,-6.93333,-3.60738,-6.9336
flat,0.4,0.7,2.8,0.8,0.4448,0.301655,-0.686582,0,0,1.11623,5.6
flat,0.4667,2,8,0.9334,1.3443,1.24662,-4.27421,2,-4.26667,-2.01537,-4.2664
flat,0.5333,1.9,7.6,1.0666,1.114,1.00013,-3.55166,0.867196,-1.03689,-1.02369,-2.9336
flat,0.9333,2.9,11.6,1.8666,1.5127,1.43736,-7.07087,2,-7.73333,-4.46093,-7.7336
flat,0.9333,0.7,2.8,1.8666,0.4097,0.275845,-0.662008,0,0,1.4636,9.8664
flat,0.3333,0.9,3.6,0.6666,0.5081,0.366751,-0.956591,0,0,0.830281,3.4664
flat,1,1.1,4.4,2,0.4812,0.350069,-1.1592,0.0147572,-0.00257425,1.14399,7.2
flat,0.2,1.5,6,0.4,1.3061,1.19712,-2.90466,2,-2.4,-1.06378,-2.4
flat,0.1333,1.1,4.4,0.2666,0.8024,0.669831,-1.48274,0.121105,-0.0205182,0.284971,0.2664
flat,0.6,1.2,4.8,1.2,0.5856,0.451398,-1.40534,0.0634485,-0.0215954,0.772746,3.2
flat,0.5333,1,4,1.0666,0.507,0.376841,-1.07834,0,0,0.898547,4.2664
flat,0.4,1.8,7.2,0.8,1.2385,1.1375,-3.58926,2,-3.2,-1.28354,-3.2
flat,0.7333,2.1,8.4,1.4666,1.0661,0.965017,-3.94107,0.714028,-1.15157,-1.03171,-2.9336
flat,0.3333,1.5,6,0.6666,0.9683,0.844924,-2.44291,0.521801,-0.389337,-0.267143,-1.3336
flat,0.2667,0.8,3.2,0.5334,0.4845,0.346472,-0.829325,0,0,0.876213,3.7336
flat,0.8667,1.1,4.4,1.7334,0.4993,0.36237,-1.16902,0.0170549,-0.0029728,1.07291,6.1336
flat,0.06667,1.3,5.2,0.13334,1.4959,1.40122,-2.65024,2,-1.86667,-1.18124,-1.86664
flat,0.4,1.5,6,0.8,0.9471,0.84547,-2.52317,0.398348,-0.310129,-0.0152723,-0.8
flat,0.6667,1.6,6.4,1.3334,0.7847,0.663435,-2.30422,0.281646,-0.27226,0.25625,0.5336
flat,0.9333,1.4,5.6,1.8666,0.5866,0.456554,-1.65668,0.105961,-0.0707678,0.814102,4.2664
flat,0.06667,1.1,4.4,0.13334,0.9669,0.836359,-1.62149,0.281308,-0.0448026,0.0463496,-0.26664
flat,0.8,2.2,8.8,1.6,1.084,0.992042,-4.24588,0.737868,-1.29711,-1.17617,-3.2
flat,0.8667,2.8,11.2,1.7334,1.5434,1.4594,-6.79057,2,-7.46667,-4.40422,-7.4664
flat,0.3333,1,4,0.6666,0.5598,0.415686,-1.11551,0,0,0.731575,2.6664
flat,0.7333,2.5,10,1.4666,1.4339,1.36062,-5.95913,2,-6.13333,-3.23733,-6.1336
flat,0.4667,0.8,3.2,0.9334,0.4567,0.321935,-0.806807,0,0,1.04983,5.3336
flat,0.2,1.2,4.8,0.4,0.8453,0.723571,-1.74772,0.213021,-0.0695709,0.232121,4.44089e-16
flat,0.6667,2.4,9.6,1.3334,1.4597,1.36294,-5.48429,2,-5.86667,-3.15287,-5.8664
flat,0.8667,0.8,3.2,1.7334,0.4357,0.298394,-0.778802,0,0,1.36567,8.5336
flat,0.6,0.6,2.4,1.2,0.391,0.271118,-0.563681,0,0,1.2687,8
flat,0.4667,0.7,2.8,0.9334,0.4357,0.296328,-0.678197,0,0,1.1568,6.1336
flat,0.6,1.7,6.8,1.2,0.9069,0.806801,-2.79585,0.412629,-0.452644,-0.0881324,-0.8
flat,0.4,0.5,2,0.8,0.4111,0.260801,-0.456439,0,0,1.3345,7.2
flat,0.8,1.2,4.8,1.6,0.5411,0.408723,-1.33691,0.0470337,-0.0160668,0.931685,4.8
flat,0.2,0.5,2,0.4,0.3989,0.26838,-0.464602,0,0,1.08339,5.6
flat,0.9333,0.9,3.6,1.8666,0.4434,0.312731,-0.902689,0,0,1.28515,8.2664
flat,0.8,1.7,6.8,1.6,0.7729,0.660095,-2.46333,0.288461,-0.325671,0.250412,0.8
flat,0.8667,2.6,10.4,1.7334,1.2928,1.19569,-5.68993,2,-5.86667,-2.78826,-5.8664
flat,0.7333,0.5,2,1.4666,0.394,0.253598,-0.453809,0,0,1.54659,9.8664
flat,0.2667,1,4,0.5334,0.5979,0.457849,-1.15103,0,0,0.6812,2.1336
flat,0.8667,2.5,10,1.7334,1.2243,1.12502,-5.26001,2,-5.06667,-2.24155,-5.0664
flat,0.9333,2.2,8.8,1.8666,0.9898,0.886905,-3.93665,0.574863,-1.06334,-0.752777,-2.1336
flat,0.5333,0.8,3.2,1.0666,0.453,0.316221,-0.803102,0,0,1.11071,5.8664
flat,0.5333,1.3,5.2,1.0666,0.6678,0.542029,-1.63137,0.127917,-0.0639438,0.593569,1.8664
flat,0.4667,1.9,7.6,0.9334,1.2218,1.11555,-3.77726,2,-3.46667,-1.3903,-3.4664
flat,0.9333,2,8,1.8666,0.8846,0.770695,-3.25794,0.421192,-0.667227,-0.169709,-0.5336
flat,0.4667,0.9,3.6,0.9334,0.4881,0.352716,-0.940364,0,0,0.957654,4.5336
flat,0.2,0.7,2.8,0.4,0.4649,0.323148,-0.705744,0,0,0.923345,4
flat,0.2,1.4,5.6,0.4,1.1249,1.02495,-2.53468,2,-1.6,-0.478398,-1.6
flat,0.4,1.3,5.2,0.8,0.7379,0.613717,-1.73063,0.176165,-0.0870394,0.41252,0.8
flat,0.6667,0.7,2.8,1.3334,0.4146,0.286149,-0.673073,0,0,1.26497,7.7336
flat,0.8,2.3,9.2,1.6,1.1487,1.04801,-4.60845,0.91701,-1.62452,-1.60171,-4
flat,0.4,0.9,3.6,0.8,0.5028,0.361681,-0.946221,0,0,0.911221,4
flat,1,0.6,2.4,2,0.3969,0.26341,-0.555412,0,0,1.6067,11.2
flat,1,2.7,10.8,2,1.2324,1.14019,-5.83055,2,-5.6,-2.56648,-5.6
flat,0.9333,1.9,7.6,1.8666,0.8141,0.700842,-2.89116,0.355549,-0.512088,0.0295106,0.2664
flat,0.6667,1.9,7.6,1.3334,0.9892,0.870309,-3.24716,0.556505,-0.762718,-0.52528,-1.8664
flat,0.4667,1.2,4.8,0.9334,0.6257,0.491798,-1.45025,0.0827134,-0.02802,0.633522,2.1336
flat,0.4,1.6,6.4,0.8,1.0046,0.895178,-2.70725,0.561911,-0.500357,-0.36952,-1.6
flat,0.8,1.6,6.4,1.6,0.7233,0.590911,-2.15066,0.227726,-0.222653,0.439123,1.6
flat,0.06667,0.5,2,0.13334,0.4185,0.276527,-0.470291,0,0,0.966382,4.53336
flat,0.1333,1.3,5.2,0.2666,1.1425,1.01834,-2.24429,2,-1.33333,-0.421884,-1.3336
flat,0.9333,1,4,1.8666,0.4562,0.330971,-1.02831,0,0,1.16107,7.4664
flat,0.7333,2.2,8.8,1.4666,1.1181,1.01866,-4.29089,0.903571,-1.47111,-1.45209,-3.7336
flat,0.6667,2.2,8.8,1.3334,1.2146,1.11394,-4.4863,2,-4.26667,-1.78613,-4.2664
flat,0.6667,0.5,2,1.3334,0.3902,0.255476,-0.455005,0,0,1.47479,9.3336
flat,1,0.5,2,2,0.3909,0.249388,-0.449606,0,0,1.72916,12
flat,0.2,1.1,4.4,0.4,0.7172,0.585593,-1.40254,0.0777538,-0.0133556,0.428555,0.8
flat,0.06667,1.2,4.8,0.13334,1.1923,1.07324,-2.08397,2,-1.06667,-0.41437,-1.06664
flat,1,3,12,2,1.4706,1.38256,-7.2702,2,-8,-4.50166,-8
flat,0.6,1.4,5.6,1.2,0.7007,0.565042,-1.80349,0.17145,-0.112945,0.528941,1.6
flat,0.4,0.8,3.2,0.8,0.4707,0.328918,-0.812531,0,0,1.015,4.8
flat,0.2,0.9,3.6,0.4,0.5416,0.409599,-0.999219,0,0,0.68207,2.4
flat,0.8,0.7,2.8,1.6,0.4234,0.281388,-0.665319,0,0,1.42087,8.8
flat,0.8667,1.8,7.2,1.7334,0.799,0.688526,-2.70159,0.323009,-0.41498,0.153395,0.5336
flat,0.8667,2.7,10.8,1.7334,1.3946,1.30741,-6.33322,2,-6.66667,-3.45797,-6.6664
flat,0.3333,1.6,6.4,0.6666,1.1165,1.00379,-2.87275,2,-2.13333,-0.660069,-2.1336
flat,0.2667,1.3,5.2,0.5334,0.8699,0.73883,-1.89175,0.285607,-0.136859,0.152171,-0.2664
flat,0.5333,1.5,6,1.0666,0.8152,0.707213,-2.29993,0.276238,-0.222263,0.268921,0.2664
flat,0.7333,1.6,6.4,1.4666,0.7555,0.638143,-2.24779,0.251755,-0.244936,0.361725,1.0664
flat,0.5333,2.1,8.4,1.0666,1.3269,1.23265,-4.51496,2,-4.53333,-2.11505,-4.5336
flat,0.3333,1.8,7.2,0.6666,1.4621,1.36686,-3.86234,2,-3.73333,-1.98572,-3.7336
flat,1,2.8,11.2,2,1.2867,1.19734,-6.26191,2,-6.4,-3.10167,-6.4
flat,0.6667,0.6,2.4,1.3334,0.412,0.270006,-0.560689,0,0,1.41874,8.5336
flat,0.6667,1.8,7.2,1.3334,0.9305,0.834209,-3.01831,0.450439,-0.561965,-0.204203,-1.0664
flat,0.8,2.6,10.4,1.6,1.4044,1.30486,-5.97421,2,-6.4,-3.32562,-6.4
flat,0.8667,2.1,8.4,1.7334,0.9783,0.878945,-3.71675,0.547094,-0.929558,-0.605963,-1.8664
flat,1,2.6,10.4,2,1.1578,1.05766,-5.34722,0.95625,-2.10611,-2.08264,-4.8
flat,0.4,1,4,0.8,0.5481,0.408115,-1.11221,0,0,0.815281,3.2
flat,0.6,2.3,9.2,1.2,1.5028,1.41352,-5.31961,2,-5.6,-3.12124,-5.6
flat,0.8,1,4,1.6,0.4837,0.345361,-1.04236,0,0,1.13625,6.4
flat,0.6,1.1,4.4,1.2,0.531,0.405146,-1.22702,0.0247915,-0.00432011,0.847921,4
flat,0.2667,1.6,6.4,0.5334,1.293,1.19844,-3.20835,2,-2.66667,-1.12714,-2.6664
flat,0.8,1.4,5.6,1.6,0.6225,0.493678,-1.7119,0.125022,-0.0831749,0.715814,3.2
flat,0.2,1.3,5.2,0.4,0.9923,0.870702,-2.07029,0.424417,-0.193572,-0.0604104,-0.8
flat,0.3333,0.7,2.8,0.6666,0.4438,0.306653,-0.690866,0,0,1.03687,5.0664
flat,0.8667,0.5,2,1.7334,0.3818,0.251281,-0.451151,0,0,1.58096,10.9336
flat,0.9333,1.8,7.2,1.8666,0.7806,0.670026,-2.674,0.295737,-0.382014,0.27309,1.0664
flat,0.7333,1.4,5.6,1.4666,0.6464,0.512789,-1.74633,0.137402,-0.0911804,0.664992,2.6664
flat,0.4,1.4,5.6,0.8,0.8309,0.715714,-2.06237,0.27473,-0.176497,0.223029,8.88178e-16
flat,0.8,2.4,9.6,1.6,1.2168,1.11655,-5.00855,2,-4.8,-2.08355,-4.8
flat,0.5333,0.6,2.4,1.0666,0.4099,0.274863,-0.566799,0,0,1.29121,7.4664
flat,0.8,0.9,3.6,1.6,0.4586,0.320775,-0.910411,0,0,1.22455,7.2
flat,0.2,0.6,2.4,0.4,0.431,0.293553,-0.581793,0,0,1.01326,4.8
flat,0.8,1.5,6,1.6,0.6827,0.547313,-1.93166,0.173331,-0.142646,0.61903,2.4
flat,0.9333,1.2,4.8,1.8666,0.5098,0.384404,-1.31494,0.0401225,-0.0137315,0.985999,5.8664
flat,1,1.5,6,2,0.6309,0.493702,-1.82807,0.135784,-0.112564,0.819033,4
flat,0.2667,0.5,2,0.5334,0.4092,0.26757,-0.464521,0,0,1.1905,6.1336
flat,0.9333,2.3,9.2,1.8666,1.029,0.91456,-4.21659,0.668047,-1.31143,-1.11361,-2.9336
flat,0.9333,0.6,2.4,1.8666,0.4029,0.262475,-0.552534,0,0,1.58999,10.6664
flat,0.9333,0.8,3.2,1.8666,0.4274,0.294005,-0.777676,0,0,1.38441,9.0664
flat,0.8,2,8,1.6,0.9358,0.831012,-3.44404,0.517294,-0.801059,-0.501295,-1.6
flat,0.6667,1.3,5.2,1.3334,0.6106,0.476029,-1.5529,0.100518,-0.0505599,0.707589,2.9336
flat,0.4667,1.3,5.2,0.9334,0.6993,0.564456,-1.67362,0.14817,-0.0737145,0.510608,1.3336
flat,0.6,1.5,6,1.2,0.7558,0.631874,-2.07167,0.240273,-0.194948,0.345323,0.8
flat,0.3333,1.1,4.4,0.6666,0.6335,0.494872,-1.30853,0.0453922,-0.0078705,0.634939,1.8664
flat,0.3333,0.5,2,0.6666,0.3983,0.263521,-0.463827,0,0,1.21955,6.6664
flat,0.4667,1.7,6.8,0.9334,1.0165,0.903222,-2.92836,0.597978,-0.618708,-0.489858,-1.8664
flat,1,1,4,2,0.4698,0.328653,-1.02075,0,0,1.28467,8
flat,0.06667,1,4,0.13334,0.7946,0.654934,-1.29993,0,0,0.33719,0.53336
flat,1,2.2,8.8,2,0.9221,0.808037,-3.73887,0.521711,-0.97777,-0.629597,-1.6
flat,0.2667,0.6,2.4,0.5334,0.4285,0.288537,-0.576383,0,0,1.08657,5.3336
flat,0.8667,1.7,6.8,1.7334,0.7621,0.641918,-2.41443,0.262627,-0.298053,0.382244,1.3336
flat,0.7333,1.3,5.2,1.4666,0.5999,0.464824,-1.53355,0.0908094,-0.0457722,0.787672,3.4664
flat,0.1333,1.4,5.6,0.2666,1.3724,1.25781,-2.74446,2,-2.13333,-1.07526,-2.1336
flat,0.8,2.5,10,1.6,1.3073,1.20518,-5.48591,2,-5.6,-2.64928,-5.6
flat,0.06667,1.4,5.6,0.13334,1.7028,1.61006,-3.2498,2,-2.66667,-2.12395,-2.66664
flat,1,1.8,7.2,2,0.7434,0.632593,-2.60099,0.272834,-0.353968,0.329572,1.6
flat,0.7333,1.8,7.2,1.4666,0.8704,0.763466,-2.87261,0.397329,-0.502236,-0.0776415,-0.5336
flat,0.8667,0.7,2.8,1.7334,0.4099,0.280044,-0.662804,0,0,1.41137,9.3336
flat,0.6,0.9,3.6,1.2,0.467,0.33692,-0.929089,0,0,1.04748,5.6
flat,0.2,1.6,6.4,0.4,1.701,1.61739,-3.49951,2,-3.2,-2.3366,-3.2
flat,0.06667,1.5,6,0.13334,1.8258,1.75603,-3.94574,2,-3.46667,-3.08062,-3.46664
flat,0.8667,1.4,5.6,1.7334,0.6032,0.477293,-1.68338,0.114701,-0.0764694,0.76628,3.7336
flat,0.5333,1.1,4.4,1.0666,0.5541,0.421081,-1.23486,0.027966,-0.00487286,0.815202,3.4664
flat,0.3333,0.8,3.2,0.6666,0.4805,0.336338,-0.817528,0,0,0.957712,4.2664
flat,1,2,8,2,0.855,0.751659,-3.22807,0.386229,-0.616314,-0.0429251,0
flat,0.4,1.1,4.4,0.8,0.5993,0.458478,-1.28355,0.0375826,-0.00653091,0.699633,2.4
flat,0.3333,1.3,5.2,0.6666,0.7922,0.669933,-1.8097,0.217544,-0.106323,0.298689,0.2664
flat,0.5333,1.4,5.6,1.0666,0.7318,0.598893,-1.86137,0.195823,-0.128293,0.438358,1.0664
flat,0.6,0.7,2.8,1.2,0.4205,0.289,-0.675727,0,0,1.22948,7.2
flat,0.7333,0.8,3.2,1.4666,0.4305,0.302591,-0.786276,0,0,1.2224,7.4664
flat,0.5333,0.9,3.6,1.0666,0.4807,0.342998,-0.93212,0,0,1.0165,5.0664
flat,0.8,1.8,7.2,1.6,0.8363,0.734005,-2.79884,0.356117,-0.454342,0.0538166,0
flat,0.06667,0.9,3.6,0.13334,0.6378,0.490181,-1.05478,0,0,0.502291,1.33336
flat,1,0.7,2.8,2,0.4024,0.276691,-0.663218,0,0,1.47701,10.4
flat,0.8667,2,8,1.7334,0.8989,0.788123,-3.26726,0.463794,-0.727734,-0.342558,-1.0664
flat,0.7333,0.6,2.4,1.4666,0.3997,0.266921,-0.556299,0,0,1.41634,9.0664
flat,0.2667,1.5,6,0.5334,1.0762,0.957828,-2.61498,2,-1.86667,-0.555309,-1.8664
flat,0.8,1.1,4.4,1.6,0.5001,0.37563,-1.18767,0.0185026,-0.00322972,0.999952,5.6
flat,0.6667,1.2,4.8,1.3334,0.5687,0.42909,-1.3739,0.0568344,-0.0193729,0.829897,3.7336
flat,0.8667,1,4,1.7334,0.4677,0.338231,-1.03547,0,0,1.14311,6.9336
flat,1,2.1,8.4,2,0.8819,0.779147,-3.45919,0.450751,-0.783514,-0.336505,-0.8
flat,0.5333,1.8,7.2,1.0666,1.047,0.94256,-3.23202,0.630745,-0.7436,-0.60845,-2.1336
flat,0.2667,1.1,4.4,0.5334,0.6598,0.521206,-1.3479,0.0573104,-0.00990325,0.529333,1.3336
flat,0.6,2.2,8.8,1.2,1.3266,1.22932,-4.7588,2,-4.8,-2.24401,-4.8
flat,0.9333,2.4,9.6,1.8666,1.1291,1.04682,-4.98989,0.781001,-1.60035,-1.47083,-3.7336
flat,0.2,0.8,3.2,0.4,0.5022,0.360902,-0.838766,0,0,0.814965,3.2
flat,0.5333,1.6,6.4,1.0666,0.8978,0.779645,-2.50884,0.371229,-0.351214,0.0409045,-0.5336
flat,0.7333,1.1,4.4,1.4666,0.5048,0.378103,-1.19497,0.0202131,-0.00352852,0.937834,5.0664
flat,1,1.4,5.6,2,0.5978,0.450685,-1.64189,0.0984632,-0.0658562,0.950137,4.8
flat,0.7333,2.3,9.2,1.4666,1.2319,1.12732,-4.77697,2,-4.53333,-1.9391,-4.5336
flat,0.6,1.9,7.6,1.2,1.0306,0.917151,-3.4015,0.660752,-0.874388,-0.755386,-2.4
flat,0.8,0.8,3.2,1.6,0.4346,0.298111,-0.783959,0,0,1.30064,8
flat,0.1333,0.7,2.8,0.2666,0.4749,0.331331,-0.709634,0,0,0.844692,3.4664
flat,0.6,0.8,3.2,1.2,0.4473,0.309978,-0.798073,0,0,1.15999,6.4
flat,0.9333,1.3,5.2,1.8666,0.5607,0.427951,-1.48662,0.0704295,-0.0356557,0.955653,5.0664
flat,1,1.3,5.2,2,0.5296,0.408765,-1.46885,0.0655309,-0.0332093,0.928958,5.6
flat,0.8,0.5,2,1.6,0.3886,0.253099,-0.452579,0,0,1.56929,10.4
flat,0.4667,1,4,0.9334,0.5331,0.391472,-1.08942,0,0,0.878845,3.7336
flat,0.8667,2.3,9.2,1.7334,1.0791,0.971413,-4.38043,0.760135,-1.4468,-1.33675,-3.4664
flat,0.1333,0.6,2.4,0.2666,0.4382,0.296397,-0.580602,0,0,0.942937,4.2664
flat,0.2,1,4,0.4,0.6348,0.479383,-1.17589,0,0,0.59516,1.6
flat,0.5333,2.2,8.8,1.0666,1.5786,1.49174,-5.06138,2,-5.33333,-3.20534,-5.3336
flat,0.8667,1.6,6.4,1.7334,0.6956,0.570494,-2.11686,0.207958,-0.204121,0.507452,2.1336
flat,0.3333,1.7,6.8,0.6666,1.226,1.11238,-3.29889,2,-2.93333,-1.1691,-2.9336
flat,0.06667,0.6,2.4,0.13334,0.4564,0.30545,-0.586862,0,0,0.878653,3.73336
flat,0.7333,1.2,4.8,1.4666,0.5556,0.423555,-1.35876,0.0514728,-0.0175688,0.887476,4.2664
flat,0.8667,1.5,6,1.7334,0.6573,0.521839,-1.89173,0.158682,-0.130969,0.673731,2.9336
flat,0.4,1.7,6.8,0.8,1.101,0.979711,-3.05719,0.863947,-0.774395,-0.771269,-2.4
flat,0.6667,2.1,8.4,1.3334,1.1356,1.03147,-4.07279,0.890346,-1.32177,-1.30227,-3.4664
flat,1,1.7,6.8,2,0.6997,0.588711,-2.34415,0.22296,-0.254951,0.499363,2.4
flat,0.3333,0.6,2.4,0.6666,0.4176,0.285139,-0.573128,0,0,1.12503,5.8664
flat,1,0.9,3.6,2,0.4445,0.307767,-0.894495,0,0,1.3502,8.8
flat,0.9333,2.5,10,1.8666,1.1545,1.05327,-5.07441,0.943482,-1.94227,-1.91874,-4.5336
flat,0.6,1.6,6.4,1.2,0.8266,0.707079,-2.37411,0.319975,-0.306609,0.147357,-8.88178e-16
flat,0.6,0.5,2,1.2,0.3943,0.258105,-0.458076,0,0,1.44067,8.8
flat,0.5333,1.2,4.8,1.0666,0.6165,0.474747,-1.41855,0.0718086,-0.0243925,0.736242,2.6664
flat,0.9333,1.5,6,1.8666,0.6377,0.508516,-1.86836,0.146336,-0.121068,0.731064,3.4664
flat,0.1333,0.9,3.6,0.2666,0.5754,0.438896,-1.0158,0,0,0.600912,1.8664
flat,0.06667,0.7,2.8,0.13334,0.4869,0.342913,-0.721507,0,0,0.748502,2.93336
flat,0.6667,2,8,1.3334,1.06,0.954643,-3.66591,0.688408,-1.01053,-0.885368,-2.6664
flat,0.6,2,8,1.2,1.1219,1.01046,-3.81369,0.877875,-1.17687,-1.16033,-3.2
flat,0.7333,0.9,3.6,1.4666,0.4623,0.322563,-0.90943,0,0,1.17199,6.6664
flat,0.4,1.9,7.6,0.8,1.3794,1.28052,-4.05865,2,-4,-1.95184,-4
flat,0.6667,0.8,3.2,1.3334,0.4408,0.30589,-0.790363,0,0,1.20143,6.9336
flat,0.8667,1.3,5.2,1.7334,0.5698,0.437218,-1.49641,0.0761219,-0.0384922,0.894948,4.5336
flat,0.8667,2.4,9.6,1.7334,1.1491,1.05152,-4.90139,0.930371,-1.78166,-1.75861,-4.2664
flat,0.6,2.1,8.4,1.2,1.2197,1.11174,-4.24112,2,-4,-1.64848,-4
flat,0.8667,0.9,3.6,1.7334,0.4492,0.315164,-0.903962,0,0,1.2493,7.7336
flat,0.4,1.2,4.8,0.8,0.6618,0.521097,-1.47464,0.0975462,-0.0329222,0.567945,1.6
flat,0.6,1.8,7.2,1.2,0.9706,0.861148,-3.05788,0.522598,-0.638996,-0.396352,-1.6
flat,1,2.9,11.6,2,1.3782,1.28521,-6.74352,2,-7.2,-3.74371,-7.2
flat,0.4,0.6,2.4,0.8,0.4141,0.279505,-0.56872,0,0,1.18098,6.4
flat,0.4667,1.1,4.4,0.9334,0.5924,0.443905,-1.25799,0.0320683,-0.00558155,0.803087,2.9336
flat,0.7333,1.5,6,1.4666,0.7064,0.583565,-2.00062,0.191004,-0.156626,0.543872,1.8664
flat,0.7333,0.7,2.8,1.4666,0.4338,0.284653,-0.667356,0,0,1.40966,8.2664
flat,0.2667,0.7,2.8,0.5334,0.4454,0.313703,-0.699543,0,0,0.961315,4.5336
flat,0.4667,1.4,5.6,0.9334,0.7859,0.666456,-1.96213,0.228479,-0.148529,0.357651,0.5336
flat,0.6667,1.1,4.4,1.3334,0.5242,0.391248,-1.20724,0.0222703,-0.00388564,0.91655,4.5336
flat,0.1333,1.5,6,0.2666,1.717,1.63185,-3.3637,2,-2.93333,-2.26009,-2.9336
flat,0.9333,1.1,4.4,1.8666,0.492,0.356378,-1.16464,0.0158288,-0.00276567,1.11805,6.6664
flat,0.6667,1.4,5.6,1.3334,0.6779,0.540525,-1.77575,0.15253,-0.100896,0.616575,2.1336
flat,0.1333,1.2,4.8,0.2666,0.9924,0.863075,-1.84252,0.3621,-0.111968,0.0107454,-0.5336
flat,0.9333,0.5,2,1.8666,0.3829,0.250134,-0.450449,0,0,1.63451,11.4664
flat,1,0.8,3.2,2,0.4274,0.289157,-0.773926,0,0,1.4406,9.6
flat,0.8667,1.9,7.6,1.7334,0.8462,0.738894,-2.99654,0.389715,-0.557302,-0.0825513,-0.2664
flat,0.7333,2,8,1.4666,1.0101,0.906292,-3.5522,0.587652,-0.892314,-0.65656,-2.1336
flat,0.4667,1.5,6,0.9334,0.8394,0.725933,-2.28412,0.325561,-0.258721,0.105029,-0.2664
flat,0.2667,1.7,6.8,0.5334,1.5393,1.44407,-3.65324,2,-3.46667,-2.04586,-3.4664
flat,0.6667,1.5,6,1.3334,0.7212,0.588519,-2.01815,0.212768,-0.173677,0.433247,1.3336
flat,0.4667,1.8,7.2,0.9334,1.1281,1.02503,-3.40797,0.860544,-0.902441,-0.893773,-2.6664
flat,0.7333,2.4,9.6,1.4666,1.3068,1.2123,-5.27685,2,-5.33333,-2.50093,-5.3336
flat,0.9333,2.6,10.4,1.8666,1.2184,1.11657,-5.48541,2,-5.33333,-2.39889,-5.3336
flat,0.9333,2.1,8.4,1.8666,0.9505,0.850479,-3.62876,0.493703,-0.849954,-0.421431,-1.3336
flat,0.06667,0.8,3.2,0.13334,0.5404,0.400505,-0.874652,0,0,0.625173,2.13336
flat,0.9333,1.7,6.8,1.8666,0.7298,0.606683,-2.3401,0.241137,-0.274803,0.447347,1.8664
flat,0.6667,1,4,1.3334,0.4984,0.361441,-1.06512,0,0,1.03753,5.3336
flat,1,2.4,9.6,2,1.0371,0.928238,-4.46814,0.691347,-1.45994,-1.27121,-3.2
flat,0.8,1.3,5.2,1.6,0.5876,0.450368,-1.51706,0.0828167,-0.0418151,0.85463,4
flat,0.2667,1.4,5.6,0.5334,0.9814,0.857457,-2.23739,0.476555,-0.28664,-0.155575,-1.0664
flat,0.2667,0.9,3.6,0.5334,0.5405,0.389877,-0.9742,0,0,0.797622,2.9336
flat,0.9333,2.7,10.8,1.8666,1.3086,1.21908,-6.04781,2,-6.13333,-2.95997,-6.1336
flat,0.8,1.9,7.6,1.6,0.8861,0.776697,-3.087,0.431759,-0.611626,-0.20598,-0.8
flat,1,1.9,7.6,2,0.7956,0.68688,-2.88093,0.327131,-0.473808,0.151994,0.8
flat,0.5333,0.7,2.8,1.0666,0.4303,0.29285,-0.677198,0,0,1.20438,6.6664
flat,0.8667,2.2,8.8,1.7334,1.014,0.908579,-4.01519,0.643142,-1.16709,-0.965544,-2.6664
flat,1,1.2,4.8,2,0.5244,0.382006,-1.30175,0.0373745,-0.0127965,1.11985,6.4
flat,0.4667,1.6,6.4,0.9334,0.9304,0.812332,-2.56322,0.44432,-0.411838,-0.156483,-1.0664
flat,0.8667,1.2,4.8,1.7334,0.5299,0.397564,-1.32801,0.0433033,-0.0148068,0.978752,5.3336
flat,0.6667,1.7,6.8,1.3334,0.8401,0.726805,-2.58437,0.360193,-0.40028,0.0241784,-0.2664
flat,0.8,2.1,8.4,1.6,1.0036,0.889411,-3.71657,0.616427,-1.02726,-0.816763,-2.4
flat,0.1333,1,4,0.2666,0.68,0.540692,-1.22011,0,0,0.477055,1.0664
flat,0.4667,0.5,2,0.9334,0.3976,0.260949,-0.460239,0,0,1.34099,7.7336
flat,0.1333,0.8,3.2,0.2666,0.5154,0.375797,-0.856425,0,0,0.724892,2.6664
flat,1,2.5,10,2,1.0853,0.983998,-4.87567,0.800612,-1.75749,-1.66011,-4
flat,0.7333,1,4,1.4666,0.4844,0.350975,-1.04817,0,0,1.06551,5.8664
full,0.4667,1.3,5.2,0.9334,0.7077,0.569322,-1.67125,0.14817,-0.0737145,0.525763,1.3336
full,0.9333,1,4,1.8666,0.4745,0.364159,-1.14964,0,0,1.23882,7.4664
full,1,0.5,2,2,0.3733,0.251286,-0.455018,0,0,1.62403,12
full,0.6,1.3,5.2,1.2,0.6456,0.524523,-1.67374,0.112564,-0.0564666,0.675342,2.4
full,1,0.9,3.6,2,0.4462,0.313514,-0.906101,0,0,1.35831,8.8
full,1,1.3,5.2,2,0.5499,0.412854,-1.4599,0.0655309,-0.0332093,1.00397,5.6
full,0.06667,1.1,4.4,0.13334,0.9826,0.864551,-1.67567,0.281308,-0.0448026,0.0483656,-0.26664
full,0.1333,0.7,2.8,0.2666,0.4698,0.337293,-0.717152,0,0,0.833914,3.4664
full,0.5333,1.6,6.4,1.0666,0.8784,0.760614,-2.45359,0.371229,-0.351214,0.0172495,-0.5336
full,1,0.6,2.4,2,0.3882,0.278076,-0.597609,0,0,1.55762,11.2
full,0.2,0.7,2.8,0.4,0.4644,0.330131,-0.718788,0,0,0.922116,4
full,0.3333,1.1,4.4,0.6666,0.6429,0.512336,-1.35848,0.0453922,-0.0078705,0.651753,1.8664
full,0.3333,1.7,6.8,0.6666,1.3507,1.24261,-3.29953,2,-2.93333,-1.2696,-2.9336
full,0.6,1.7,6.8,1.2,0.9175,0.812175,-2.79169,0.412629,-0.452644,-0.0750354,-0.8
full,0.2,1.2,4.8,0.4,0.8483,0.732411,-1.72418,0.213021,-0.0695709,0.234279,4.44089e-16
full,0.5333,0.8,3.2,1.0666,0.4562,0.32724,-0.830611,0,0,1.12191,5.8664
full,0.8667,0.5,2,1.7334,0.3828,0.254018,-0.457987,0,0,1.58652,10.9336
full,0.6,1.4,5.6,1.2,0.6941,0.584408,-1.93539,0.17145,-0.112945,0.515163,1.6
full,0.2667,0.9,3.6,0.5334,0.5292,0.390954,-0.973926,0,0,0.773991,2.9336
full,0.2667,0.6,2.4,0.5334,0.4373,0.301081,-0.600583,0,0,1.11405,5.3336
full,0.2,1.5,6,0.4,1.3246,1.21785,-2.94339,2,-2.4,-1.08093,-2.4
full,0.4,0.6,2.4,0.8,0.412,0.28572,-0.581981,0,0,1.17334,6.4
full,0.3333,0.9,3.6,0.6666,0.5226,0.385403,-0.993311,0,0,0.864905,3.4664
full,0.06667,1.2,4.8,0.13334,1.1924,1.0755,-2.11726,2,-1.06667,-0.41441,-1.06664
full,0.2667,1.6,6.4,0.5334,1.2855,1.18005,-3.14246,2,-2.66667,-1.12084,-2.6664
full,0.4,1.2,4.8,0.8,0.6601,0.531075,-1.48254,0.0975462,-0.0329222,0.56492,1.6
full,0.1333,1.2,4.8,0.2666,0.9696,0.838704,-1.82894,0.3621,-0.111968,0.00573623,-0.5336
full,0.2667,0.8,3.2,0.5334,0.4823,0.355013,-0.856897,0,0,0.870907,3.7336
full,0.6667,0.6,2.4,1.3334,0.3954,0.272611,-0.569502,0,0,1.34238,8.5336
full,0.4,1.5,6,0.8,0.9136,0.796822,-2.35164,0.398348,-0.310129,-0.0429235,-0.8
full,0.1333,1.5,6,0.2666,1.7238,1.63913,-3.36867,2,-2.93333,-2.27563,-2.9336
full,0.6,1.6,6.4,1.2,0.84,0.722357,-2.43889,0.319975,-0.306609,0.168017,-8.88178e-16
full,0.3333,1.4,5.6,0.6666,0.9239,0.807701,-2.15812,0.346154,-0.2179,0.0846954,-0.5336
full,0.5333,0.9,3.6,1.0666,0.4807,0.352732,-0.962805,0,0,1.0165,5.0664
full,0.9333,1.2,4.8,1.8666,0.5273,0.399206,-1.3583,0.0401225,-0.0137315,1.05123,5.8664
full,0.7333,0.9,3.6,1.4666,0.4646,0.332199,-0.929529,0,0,1.18098,6.6664
full,0.7333,1,4,1.4666,0.4911,0.359674,-1.07227,0,0,1.0897,5.8664
full,0.7333,1.7,6.8,1.4666,0.8055,0.690307,-2.51502,0.320176,-0.359052,0.147924,0.2664
full,0.9333,0.7,2.8,1.8666,0.4038,0.281807,-0.674123,0,0,1.43342,9.8664
full,0.5333,1.1,4.4,1.0666,0.5599,0.432369,-1.27525,0.027966,-0.00487286,0.830349,3.4664
full,0.8,0.7,2.8,1.6,0.4082,0.289257,-0.691929,0,0,1.34914,8.8
full,0.2667,0.7,2.8,0.5334,0.4443,0.319347,-0.713874,0,0,0.958296,4.5336
full,0.6,1.5,6,1.2,0.7643,0.634016,-2.06712,0.240273,-0.194948,0.360783,0.8
full,0.3333,1,4,0.6666,0.5745,0.420951,-1.11473,0,0,0.762158,2.6664
full,0.2667,1.4,5.6,0.5334,0.9834,0.876916,-2.28986,0.476555,-0.28664,-0.154876,-1.0664
full,0.1333,0.5,2,0.2666,0.4157,0.278767,-0.475468,0,0,1.05362,5.0664
full,0.9333,1.3,5.2,1.8666,0.5529,0.425208,-1.49733,0.0704295,-0.0356557,0.928235,5.0664
full,0.8667,0.9,3.6,1.7334,0.4453,0.322165,-0.923462,0,0,1.23247,7.7336
full,0.6667,1.3,5.2,1.3334,0.6325,0.511573,-1.63819,0.100518,-0.0505599,0.764757,2.9336
full,0.2,1.3,5.2,0.4,0.9953,0.87064,-2.05067,0.424417,-0.193572,-0.0595509,-0.8
full,0.8667,0.8,3.2,1.7334,0.4276,0.303254,-0.801772,0,0,1.32816,8.5336
full,0.4,0.5,2,0.8,0.4074,0.266619,-0.469041,0,0,1.31959,7.2
full,1,1,4,2,0.4633,0.337058,-1.04684,0,0,1.25547,8
full,0.4667,1.7,6.8,0.9334,1.012,0.903973,-2.94239,0.597978,-0.618708,-0.491888,-1.8664
full,0.1333,0.8,3.2,0.2666,0.5072,0.373942,-0.853968,0,0,0.710581,2.6664
full,0.2667,1.1,4.4,0.5334,0.6758,0.551718,-1.38893,0.0573104,-0.00990325,0.552543,1.3336
full,0.2667,0.5,2,0.5334,0.3954,0.271609,-0.471151,0,0,1.14269,6.1336
full,0.4,1.1,4.4,0.8,0.6101,0.480547,-1.32761,0.0375826,-0.00653091,0.72213,2.4
full,0.8,1.6,6.4,1.6,0.7289,0.608499,-2.21672,0.227726,-0.222653,0.45237,1.6
full,0.1333,1,4,0.2666,0.6921,0.558737,-1.23335,0,0,0.489646,1.0664
full,0.8,1.2,4.8,1.6,0.5593,0.442754,-1.50679,0.0470337,-0.0160668,0.992474,4.8
full,0.6667,1,4,1.3334,0.5051,0.369028,-1.0754,0,0,1.06032,5.3336
full,0.9333,0.5,2,1.8666,0.373,0.25829,-0.467661,0,0,1.57768,11.4664
full,0.5333,1.4,5.6,1.0666,0.7591,0.630955,-1.93604,0.195823,-0.128293,0.488418,1.0664
full,0.6667,1.2,4.8,1.3334,0.5672,0.444331,-1.41184,0.0568344,-0.0193729,0.825639,3.7336
full,0.3333,0.8,3.2,0.6666,0.4799,0.336284,-0.81693,0,0,0.956081,4.2664
full,0.5333,1.8,7.2,1.0666,1.5705,1.47167,-2.60663,0.630745,-0.7436,-0.667878,-2.1336
full,0.2,1.6,6.4,0.4,1.7685,1.69086,-3.50914,2,-3.2,-2.52261,-3.2
full,0.8,0.6,2.4,1.6,0.4134,0.279696,-0.583891,0,0,1.5389,9.6
full,0.7333,1.6,6.4,1.4666,0.7568,0.640501,-2.26882,0.251755,-0.244936,0.364469,1.0664
full,0.4,0.8,3.2,0.8,0.4958,0.370515,-0.891669,0,0,1.0909,4.8
full,0.8667,1.1,4.4,1.7334,0.5033,0.36875,-1.18083,0.0170549,-0.0029728,1.08806,6.1336
full,0.06667,1.5,6,0.13334,1.8245,1.75826,-3.93031,2,-3.46667,-3.07766,-3.46664
full,0.4667,0.5,2,0.9334,0.3973,0.265281,-0.466062,0,0,1.33971,7.7336
full,0.9333,0.8,3.2,1.8666,0.4312,0.299158,-0.799633,0,0,1.40282,9.0664
full,0.4667,1.6,6.4,0.9334,0.9332,0.814079,-2.5602,0.44432,-0.411838,-0.154124,-1.0664
full,0.6,0.6,2.4,1.2,0.4076,0.277678,-0.573091,0,0,1.34085,8
full,0.5333,1.2,4.8,1.0666,0.6158,0.490001,-1.46643,0.0718086,-0.0243925,0.734586,2.6664
full,0.9333,1.8,7.2,1.8666,0.7736,0.668865,-2.66437,0.295737,-0.382014,0.256376,1.0664
full,0.9333,1.4,5.6,1.8666,0.6081,0.487489,-1.78917,0.105961,-0.0707678,0.885096,4.2664
full,0.6,0.8,3.2,1.2,0.4536,0.312449,-0.798232,0,0,1.18359,6.4
full,1,1.2,4.8,2,0.5206,0.381658,-1.30257,0.0373745,-0.0127965,1.10464,6.4
full,0.8,1.4,5.6,1.6,0.6257,0.50846,-1.75363,0.125022,-0.0831749,0.724864,3.2
full,0.4667,0.6,2.4,0.9334,0.42,0.295808,-0.602331,0,0,1.26907,6.9336
full,0.4,0.7,2.8,0.8,0.4487,0.314117,-0.706069,0,0,1.12923,5.6
full,0.5333,1.5,6,1.0666,0.7956,0.67465,-2.14166,0.276238,-0.222263,0.239,0.2664
full,0.6667,1.1,4.4,1.3334,0.522,0.403769,-1.25429,0.0222703,-0.00388564,0.90977,4.5336
full,0.6,0.7,2.8,1.2,0.4132,0.288489,-0.677561,0,0,1.20016,7.2
full,0.9333,1.5,6,1.8666,0.6296,0.510402,-1.91016,0.146336,-0.121068,0.706282,3.4664
full,0.9333,1.7,6.8,1.8666,0.7192,0.610205,-2.38725,0.241137,-0.274803,0.419664,1.8664
full,0.8,0.9,3.6,1.6,0.4475,0.329157,-0.931808,0,0,1.17899,7.2
full,0.4,1.3,5.2,0.8,0.7443,0.631976,-1.78965,0.176165,-0.0870394,0.422061,0.8
full,0.8,1.3,5.2,1.6,0.5771,0.443287,-1.51516,0.0828167,-0.0418151,0.822397,4
full,0.7333,0.5,2,1.4666,0.3927,0.25799,-0.461052,0,0,1.53986,9.8664
full,0.06667,0.5,2,0.13334,0.4215,0.286535,-0.483409,0,0,0.973861,4.53336
full,0.5333,1,4,1.0666,0.5199,0.39383,-1.1244,0,0,0.935778,4.2664
full,0.1333,0.9,3.6,0.2666,0.5723,0.437959,-1.01531,0,0,0.596608,1.8664
full,0.8667,1.7,6.8,1.7334,0.7585,0.650699,-2.56021,0.262627,-0.298053,0.373603,1.3336
full,0.4667,0.7,2.8,0.9334,0.4402,0.306437,-0.701179,0,0,1.17291,6.1336
full,0.6667,1.5,6,1.3334,0.7361,0.61843,-2.08091,0.212768,-0.173677,0.464547,1.3336
full,0.7333,1.1,4.4,1.4666,0.527,0.395433,-1.22435,0.0202131,-0.00352852,1.01169,5.0664
full,0.06667,0.7,2.8,0.13334,0.4991,0.35319,-0.732667,0,0,0.769576,2.93336
full,0.5333,1.7,6.8,1.0666,0.9757,0.872265,-2.8861,0.485426,-0.52178,-0.251853,-1.3336
full,0.06667,0.8,3.2,0.13334,0.5431,0.403619,-0.876956,0,0,0.628804,2.13336
full,0.06667,1,4,0.13334,0.7898,0.654284,-1.30241,0,0,0.334437,0.53336
full,0.1333,1.3,5.2,0.2666,1.1568,1.04524,-2.27603,2,-1.33333,-0.426308,-1.3336
full,0.7333,1.3,5.2,1.4666,0.5902,0.476261,-1.58432,0.0908094,-0.0457722,0.760258,3.4664
full,0.4,1,4,0.8,0.5566,0.413653,-1.12906,0,0,0.835513,3.2
full,0.1333,1.4,5.6,0.2666,1.3794,1.27494,-2.76112,2,-2.13333,-1.08261,-2.1336
full,0.7333,1.8,7.2,1.4666,0.8735,0.752238,-2.81852,0.397329,-0.502236,-0.072833,-0.5336
full,0.8,1.5,6,1.6,0.6797,0.560441,-2.00167,0.173331,-0.142646,0.611153,2.4
full,0.9333,1.6,6.4,1.8666,0.684,0.560476,-2.10758,0.191392,-0.188457,0.604267,2.6664
full,0.7333,0.6,2.4,1.4666,0.4072,0.272471,-0.567368,0,0,1.45256,9.0664
full,0.3333,1.5,6,0.6666,0.9959,0.892709,-2.50503,0.521801,-0.389337,-0.256277,-1.3336
full,0.2,0.8,3.2,0.4,0.5138,0.369667,-0.85498,0,0,0.839438,3.2
full,0.8667,1,4,1.7334,0.4647,0.344976,-1.05768,0,0,1.13107,6.9336
full,0.4,0.9,3.6,0.8,0.5056,0.371429,-0.974327,0,0,0.918708,4
full,0.7333,1.2,4.8,1.4666,0.5573,0.430221,-1.37196,0.0514728,-0.0175688,0.892722,4.2664
full,0.4,1.4,5.6,0.8,0.8387,0.717407,-2.04746,0.27473,-0.176497,0.232241,8.88178e-16
full,0.06667,0.6,2.4,0.13334,0.4491,0.314822,-0.603475,0,0,0.863252,3.73336
full,0.2667,1,4,0.5334,0.6,0.46818,-1.18987,0,0,0.68493,2.1336
full,0.3333,0.5,2,0.6666,0.3885,0.273028,-0.478112,0,0,1.18307,6.6664
full,0.8,0.5,2,1.6,0.3795,0.254858,-0.458405,0,0,1.52057,10.4
full,0.7333,1.4,5.6,1.4666,0.6375,0.527296,-1.82795,0.137402,-0.0911804,0.641991,2.6664
full,0.3333,1.2,4.8,0.6666,0.7206,0.576701,-1.52722,0.118911,-0.0399088,0.506742,1.0664
full,0.4667,0.8,3.2,0.9334,0.4565,0.324931,-0.818909,0,0,1.04919,5.3336
full,0.8667,1.8,7.2,1.7334,0.7939,0.684241,-2.68223,0.323009,-0.41498,0.142662,0.5336
full,1,1.8,7.2,2,0.7469,0.636851,-2.58608,0.272834,-0.353968,0.338702,1.6
full,0.3333,1.6,6.4,0.6666,1.1151,0.997146,-2.87496,2,-2.13333,-0.659937,-2.1336
full,0.2667,1.2,4.8,0.5334,0.7745,0.634795,-1.59376,0.152427,-0.0506912,0.390505,0.5336
full,0.8,0.8,3.2,1.6,0.4351,0.304447,-0.802045,0,0,1.30284,8
full,0.9333,1.1,4.4,1.8666,0.4859,0.369682,-1.2073,0.0158288,-0.00276567,1.09381,6.6664
full,0.2667,1.5,6,0.5334,1.1339,1.02904,-2.72395,2,-1.86667,-0.563231,-1.8664
full,0.3333,0.6,2.4,0.6666,0.4156,0.286813,-0.579456,0,0,1.11827,5.8664
full,1,1.7,6.8,2,0.699,0.58114,-2.30463,0.22296,-0.254951,0.497381,2.4
full,0.06667,1.4,5.6,0.13334,1.693,1.60397,-3.24162,2,-2.66667,-2.10647,-2.66664
full,0.5333,1.3,5.2,1.0666,0.6715,0.541672,-1.64504,0.127917,-0.0639438,0.601293,1.8664
full,0.6667,0.8,3.2,1.3334,0.4353,0.309907,-0.805114,0,0,1.17971,6.9336
full,0.2,1.1,4.4,0.4,0.7254,0.603446,-1.43804,0.0777538,-0.0133556,0.437457,0.8
full,0.6,0.5,2,1.2,0.3933,0.259119,-0.459867,0,0,1.43595,8.8
full,0.2667,1.3,5.2,0.5334,0.8791,0.758081,-1.94752,0.285607,-0.136859,0.159188,-0.2664
full,0.6,1,4,1.2,0.5112,0.392705,-1.13694,0,0,0.997061,4.8
full,0.7333,0.7,2.8,1.4666,0.414,0.288589,-0.679808,0,0,1.32003,8.2664
full,0.1333,1.1,4.4,0.2666,0.8271,0.689342,-1.48684,0.121105,-0.0205182,0.30129,0.2664
full,0.5333,0.7,2.8,1.0666,0.4227,0.298902,-0.690529,0,0,1.17548,6.6664
full,0.4,1.6,6.4,0.8,1.0131,0.90875,-2.79059,0.561911,-0.500357,-0.365928,-1.6
full,0.6667,1.7,6.8,1.3334,0.8605,0.746242,-2.61671,0.360193,-0.40028,0.0556405,-0.2664
full,1,1.5,6,2,0.6252,0.506708,-1.90804,0.135784,-0.112564,0.800071,4
full,0.6,1.1,4.4,1.2,0.5566,0.420298,-1.25559,0.0247915,-0.00432011,0.921353,4
full,0.3333,0.7,2.8,0.6666,0.4438,0.315431,-0.702968,0,0,1.03687,5.0664
full,0.6667,0.7,2.8,1.3334,0.4208,0.291722,-0.684468,0,0,1.29139,7.7336
full,0.8667,1.5,6,1.7334,0.6558,0.524694,-1.89133,0.158682,-0.130969,0.669454,2.9336
full,0.8,1.7,6.8,1.6,0.7861,0.671741,-2.50031,0.288461,-0.325671,0.278314,0.8
full,0.4667,1,4,0.9334,0.5341,0.389691,-1.08223,0,0,0.881492,3.7336
full,0.2,1,4,0.4,0.6336,0.491033,-1.1632,0,0,0.593442,1.6
full,0.2,0.5,2,0.4,0.4209,0.276585,-0.476286,0,0,1.15332,5.6
full,0.8667,1.3,5.2,1.7334,0.5791,0.450639,-1.54902,0.0761219,-0.0384922,0.925829,4.5336
full,0.9333,0.9,3.6,1.8666,0.4559,0.333946,-0.96658,0,0,1.34217,8.2664
full,0.06667,1.3,5.2,0.13334,1.4917,1.39556,-2.64971,2,-1.86667,-1.1765,-1.86664
full,0.4667,1.2,4.8,0.9334,0.6336,0.51354,-1.48534,0.0827134,-0.02802,0.649853,2.1336
full,1,0.7,2.8,2,0.4029,0.278614,-0.668642,0,0,1.47966,10.4
full,0.5333,0.6,2.4,1.0666,0.405,0.280983,-0.583191,0,0,1.27095,7.4664
full,1,1.4,5.6,2,0.5853,0.460731,-1.70648,0.0984632,-0.0658562,0.905695,4.8
full,0.4667,0.9,3.6,0.9334,0.4869,0.350533,-0.942656,0,0,0.954145,4.5336
full,1,1.6,6.4,2,0.6398,0.531684,-2.10455,0.1773,-0.17504,0.593013,3.2
full,0.8,1.8,7.2,1.6,0.8318,0.724263,-2.7681,0.356117,-0.454342,0.0455163,0
full,0.4667,1.4,5.6,0.9334,0.7769,0.66029,-1.9907,0.228479,-0.148529,0.343988,0.5336
full,0.2,0.6,2.4,0.4,0.4307,0.297087,-0.591966,0,0,1.01242,4.8
full,1,0.8,3.2,2,0.4153,0.295089,-0.786709,0,0,1.37983,9.6
full,0.8667,1.2,4.8,1.7334,0.5329,0.410299,-1.36811,0.0433033,-0.0148068,0.989339,5.3336
full,0.8667,1.4,5.6,1.7334,0.6103,0.494556,-1.75406,0.114701,-0.0764694,0.787977,3.7336
full,0.2,0.9,3.6,0.4,0.5484,0.412897,-0.995737,0,0,0.693975,2.4
full,0.6,1.8,7.2,1.2,0.9854,0.868108,-3.03814,0.522598,-0.638996,-0.383325,-1.6
full,0.8,1,4,1.6,0.4694,0.354901,-1.07653,0,0,1.08168,6.4
full,0.6,1.2,4.8,1.2,0.588,0.470702,-1.45439,0.0634485,-0.0215954,0.778985,3.2
full,0.6667,0.9,3.6,1.3334,0.4753,0.339904,-0.942681,0,0,1.15037,6.1336
full,0.5333,0.5,2,1.0666,0.3951,0.264866,-0.469636,0,0,1.38831,8.2664
full,0.6667,1.4,5.6,1.3334,0.6842,0.566755,-1.85818,0.15253,-0.100896,0.631572,2.1336
full,0.06667,0.9,3.6,0.13334,0.6459,0.49836,-1.05672,0,0,0.510138,1.33336
full,0.6667,1.8,7.2,1.3334,0.9146,0.797526,-2.91602,0.450439,-0.561965,-0.223885,-1.0664
full,0.8667,1.6,6.4,1.7334,0.6923,0.578274,-2.17641,0.207958,-0.204121,0.49892,2.1336
full,0.4667,1.5,6,0.9334,0.8489,0.731629,-2.26166,0.325561,-0.258721,0.116295,-0.2664
full,0.1333,0.6,2.4,0.2666,0.435,0.30705,-0.595867,0,0,0.935,4.2664
full,0.6,0.9,3.6,1.2,0.4676,0.343715,-0.949843,0,0,1.04952,5.6
full,1,1.1,4.4,2,0.4966,0.361053,-1.18926,0.0147572,-0.00257425,1.20898,7.2
full,0.6667,1.6,6.4,1.3334,0.7878,0.665507,-2.29852,0.281646,-0.27226,0.261914,0.5336
full,0.9333,0.6,2.4,1.8666,0.3926,0.272436,-0.5742,0,0,1.53374,10.6664
full,0.6667,0.5,2,1.3334,0.3961,0.260661,-0.467112,0,0,1.50401,9.3336
full,0.3333,1.3,5.2,0.6666,0.801,0.673168,-1.79687,0.217544,-0.106323,0.308826,0.2664
full,0.7333,0.8,3.2,1.4666,0.4348,0.309449,-0.809169,0,0,1.24032,7.4664
full,0.2,1.4,5.6,0.4,1.1482,1.02571,-2.45421,2,-1.6,-0.483795,-1.6
full,0.4,1.7,6.8,0.8,1.1276,1.0091,-3.08498,0.863947,-0.774395,-0.772496,-2.4
full,0.4667,1.1,4.4,0.9334,0.5815,0.44622,-1.26773,0.0320683,-0.00558155,0.777196,2.9336
full,0.7333,1.5,6,1.4666,0.6883,0.561945,-1.96073,0.191004,-0.156626,0.501282,1.8664
full,0.8667,0.6,2.4,1.7334,0.4029,0.269704,-0.563317,0,0,1.53827,10.1336
full,0.8667,0.7,2.8,1.7334,0.4159,0.282732,-0.673512,0,0,1.44095,9.3336
full,0.8,1.1,4.4,1.6,0.5128,0.388552,-1.2328,0.0185026,-0.00322972,1.04507,5.6
