tag,s,p,sigma_t,init,KI,w_t,G_sim,E_sim,G_cont,E_cont,E_cont_lowest,dG,dE,steps,faces,converged
p8,0.25,8.0,0.5334,flat,1.1,4.4,0.45514841252796423,-0.7702144315989183,0.4622204932930714,-0.7751499801165493,-0.7751499801165493,-0.00707208076510718,0.0049355485176310054,61200,3230,1
p8,0.25,8.0,0.5334,full,1.1,4.4,0.9111692835166958,-0.06748360573028073,0.4622204932930714,-0.7751499801165493,-0.7751499801165493,0.4489487902236244,0.7076663743862686,72562,5422,1
p8,0.25,8.0,0.5334,flat,1.2,4.8,0.5588884981614997,-0.9767784491390273,0.5698318571322181,-0.9809015464598017,-0.9809015464598017,-0.010943358970718409,0.004123097320774316,61450,3562,1
p8,0.25,8.0,0.5334,full,1.2,4.8,0.9935433003278507,-0.46677725653717905,0.5698318571322181,-0.9809015464598017,-0.9809015464598017,0.4237114431956326,0.5141242899226226,34761,5598,1
p8,0.25,8.0,0.5334,flat,1.3,5.2,0.6793785842324086,-1.2299875974005092,0.6982738079330306,-1.2336041831109217,-1.2336041831109217,-0.01889522370062202,0.0036165857104124566,61350,3950,1
p8,0.25,8.0,0.5334,full,1.3,5.2,1.9186250816607284,-0.509565744677549,1.9093544724692892,-0.5203477859035655,-1.2336041831109217,0.009270609191439183,0.010782041226016448,22700,8148,1
p8,0.25,8.0,0.5334,flat,1.4,5.6,0.8281718409468541,-1.538595398253418,0.8560079774153883,-1.543384213170448,-1.543384213170448,-0.02783613646853411,0.004788814917030093,61700,4470,1
p8,0.25,8.0,0.5334,full,1.4,5.6,1.9362221966048945,-1.2816811229167568,1.9393524480346631,-1.2911249704070187,-1.543384213170448,-0.003130251429768638,0.009443847490261836,32300,8108,1
p8,0.25,8.0,0.5334,flat,1.5,6.0,1.007307550322915,-1.920172557415099,1.0764500041728666,-1.9267574272284467,-2.0668467601494633,-0.06914245384995166,0.006584869813347716,62300,5264,1
p8,0.25,8.0,0.5334,full,1.5,6.0,1.9471440151044057,-2.0581917240643905,1.9498828498539713,-2.0668467601494633,-2.0668467601494633,-0.0027388347495655996,0.008655036085072787,20150,8100,1
p8,0.25,8.0,0.5334,flat,1.6,6.4,1.3934015267695437,-2.428086910403126,1.9591635656860147,-2.8492710139181714,-2.8492710139181714,-0.565762038916471,0.4211841035150452,63450,6582,1
p8,0.25,8.0,0.5334,full,1.6,6.4,1.9548006941583183,-2.838744860766558,1.9591635656860147,-2.8492710139181714,-2.8492710139181714,-0.0043628715276964325,0.010526153151613205,16150,8086,1
p4,0.25,4.0,0.5334,flat,1.2,4.8,0.6089997582851754,-1.1691012823712736,0.6198346077044068,-1.1746131089858378,-1.1746131089858378,-0.010834849419231407,0.005511826614564175,61400,3564,1
p4,0.25,4.0,0.5334,full,1.2,4.8,1.027327915872683,-0.6571571262241596,0.6198346077044068,-1.1746131089858378,-1.1746131089858378,0.4074933081682761,0.5174559827616783,72541,5664,1
p4,0.25,4.0,0.5334,flat,1.3,5.2,0.730550571242832,-1.4424594464281897,0.7425927459655498,-1.4463785573872427,-1.4463785573872427,-0.012042174722717847,0.003919110959053063,61350,3968,1
p4,0.25,4.0,0.5334,full,1.3,5.2,1.11087334459919,-1.0997733891604442,0.7425927459655498,-1.4463785573872427,-1.4463785573872427,0.36828059863364027,0.34660516822679854,29874,5398,1
p4,0.25,4.0,0.5334,flat,1.4,5.6,0.8707753455705103,-1.768396037484944,0.889571526204133,-1.7717221735750694,-1.7717221735750694,-0.01879618063362276,0.0033261360901255532,61300,4500,1
p4,0.25,4.0,0.5334,full,1.4,5.6,1.922034670249274,-1.3534218050648597,1.9051845045108833,-1.3647771272598046,-1.7717221735750694,0.01685016573839082,0.01135532219494495,11550,8044,1
p4,0.25,4.0,0.5334,flat,1.5,6.0,1.049759478810293,-2.1592423805322967,1.0808442480860936,-2.1639364709331526,-2.1639364709331526,-0.031084769275800506,0.004694090400855888,62200,5230,1
p4,0.25,4.0,0.5334,full,1.5,6.0,1.938634530813759,-2.1259153354488536,1.9337818060861556,-2.1335987810386126,-2.1639364709331526,0.004852724727603341,0.007683445589758975,12650,8036,1
p4,0.25,4.0,0.5334,flat,1.6,6.4,1.360108302111508,-2.6535903661711706,1.9511609897822537,-2.9138529772944413,-2.9138529772944413,-0.5910526876707458,0.26026261112327065,62750,6484,1
p4,0.25,4.0,0.5334,full,1.6,6.4,1.9483947076988692,-2.90339996484821,1.9511609897822537,-2.9138529772944413,-2.9138529772944413,-0.002766282083384475,0.010453012446231202,13150,8078,1
p4,0.25,4.0,0.5334,flat,1.7,6.8,1.9458002480750844,-3.669298114390476,1.9564014935722198,-3.692543202520726,-3.692543202520726,-0.01060124549713537,0.023245088130249947,69000,8110,1
p4,0.25,4.0,0.5334,full,1.7,6.8,1.9554057169934542,-3.6842268480524956,1.9564014935722198,-3.692543202520726,-3.692543202520726,-0.0009957765787655948,0.008316354468230536,16300,8070,1
p2,0.25,2.0,0.5334,flat,1.3,5.2,0.7762182457598618,-1.68226138228361,0.7864210728534332,-1.687432432352249,-1.687432432352249,-0.010202827093571454,0.005171050068638827,61250,3946,1
p2,0.25,2.0,0.5334,full,1.3,5.2,1.1377191106924138,-1.3316175778612698,0.7864210728534332,-1.687432432352249,-1.687432432352249,0.3512980378389806,0.35581485449097916,71002,5680,1
p2,0.25,2.0,0.5334,flat,1.4,5.6,0.9105925018690363,-2.0259469325939725,0.9215685845150846,-2.028484752594583,-2.028484752594583,-0.010976082646048324,0.0025378200006103135,61250,4430,1
p2,0.25,2.0,0.5334,full,1.4,5.6,1.2322571468889996,-1.812736604630346,0.9215685845150846,-2.028484752594583,-2.028484752594583,0.31068856237391496,0.2157481479642369,38914,6144,1
p2,0.25,2.0,0.5334,flat,1.5,6.0,1.0682904193509595,-2.427437558235311,1.0875341121785462,-2.4286465065211766,-2.4286465065211766,-0.019243692827586756,0.0012089482858654854,61300,5006,1
p2,0.25,2.0,0.5334,full,1.5,6.0,1.9188356558931268,-2.2095544411425068,1.8945020714592882,-2.2240693488985457,-2.4286465065211766,0.024333584433838595,0.01451490775603892,15200,8006,1
p2,0.25,2.0,0.5334,flat,1.6,6.4,1.3047522234673579,-2.9041766409704985,1.3494388455870696,-2.9094735971161354,-2.9900523985472844,-0.04468662211971175,0.005296956145636855,61400,5964,1
p2,0.25,2.0,0.5334,full,1.6,6.4,1.9370151292677986,-2.98092115452941,1.9281695265089467,-2.9900523985472844,-2.9900523985472844,0.008845602758851934,0.009131244017874351,16000,8014,1
p2,0.25,2.0,0.5334,flat,1.7,6.8,1.9319912162479933,-3.744642064450179,1.9448045586989695,-3.7667477077912324,-3.7667477077912324,-0.012813342450976206,0.02210564334105314,66700,7818,1
p2,0.25,2.0,0.5334,full,1.7,6.8,1.9473449872286235,-3.7578519247268067,1.9448045586989695,-3.7667477077912324,-3.7667477077912324,0.002540428529653971,0.008895783064425622,14550,8014,1
p2,0.25,2.0,0.5334,flat,1.8,7.2,1.9522829513780169,-4.533598582147599,1.951364615678241,-4.543493603922695,-4.543493603922695,0.0009183356997759518,0.009895021775095714,66100,8090,1
p2,0.25,2.0,0.5334,full,1.8,7.2,1.9545022786400208,-4.53839869523125,1.951364615678241,-4.543493603922695,-4.543493603922695,0.0031376629617798635,0.005094908691444466,15150,8012,1
p1,0.25,1.0,0.5334,flat,1.5,6.0,1.0844923925577143,-2.711981131692726,1.0961800640457597,-2.7145607679095356,-2.7145607679095356,-0.011687671488045392,0.0025796362168097886,61350,4870,1
p1,0.25,1.0,0.5334,full,1.5,6.0,1.331320488634165,-2.5936717131959344,1.0961800640457597,-2.7145607679095356,-2.7145607679095356,0.23514042458840523,0.12088905471360123,22774,5908,1
p1,0.25,1.0,0.5334,flat,1.7,6.8,1.8993550908586792,-3.8287650011708316,1.9187093019558321,-3.859061529016257,-3.859061529016257,-0.019354211097152962,0.03029652784542547,67250,7136,1
p1,0.25,1.0,0.5334,full,1.7,6.8,1.9323656984670332,-3.845934636431585,1.9187093019558321,-3.859061529016257,-3.859061529016257,0.013656396511201097,0.013126892584672145,9000,8018,1
p1,0.25,1.0,0.5334,flat,1.8,7.2,1.935562840412085,-4.6190456879947766,1.9379804898545017,-4.6320398721166,-4.6320398721166,-0.002417649442416625,0.012994184121823515,65650,7920,1
p1,0.25,1.0,0.5334,full,1.8,7.2,1.9437681619226006,-4.621343885373023,1.9379804898545017,-4.6320398721166,-4.6320398721166,0.005787672068098937,0.010695986743576746,8300,8026,1
