sigma,p,s,ell,E,E_D,dE,S1,S1_D,dS1,S2,S2_D,dS2,barrier,barrier_D,dbarrier
0.13333,1,0.25,0.33437,nan,4.2757,nan,nan,4.5761,nan,nan,3.7226,nan,nan,0.23696,nan
0.13333,1,0.15,0.259,nan,4.2757,nan,nan,4.5761,nan,nan,3.7226,nan,nan,0.23696,nan
0.13333,1,0.1,0.21147,nan,4.2757,nan,nan,4.5761,nan,nan,3.7226,nan,nan,0.23696,nan
0.13333,1,0.05,0.14953,nan,4.2757,nan,4.6858,4.5761,0.10965,4.6337,3.7226,0.91105,nan,0.23696,nan
0.13333,1,0.025,0.10574,4.5133,4.2757,0.23755,4.5879,4.5761,0.011783,4.3962,3.7226,0.67359,0.028112,0.23696,-0.20885
0.13333,2,0.25,0.33437,nan,4.2757,nan,nan,4.5761,nan,nan,3.7226,nan,nan,0.23696,nan
0.13333,2,0.15,0.259,nan,4.2757,nan,nan,4.5761,nan,nan,3.7226,nan,nan,0.23696,nan
0.13333,2,0.1,0.21147,nan,4.2757,nan,4.7934,4.5761,0.21723,4.7921,3.7226,1.0694,nan,0.23696,nan
0.13333,2,0.05,0.14953,nan,4.2757,nan,4.6319,4.5761,0.055758,4.5216,3.7226,0.79903,nan,0.23696,nan
0.13333,2,0.025,0.10574,nan,4.2757,nan,4.5667,4.5761,-0.0094129,4.3107,3.7226,0.58805,nan,0.23696,nan
0.13333,4,0.25,0.33437,nan,4.2757,nan,nan,4.5761,nan,nan,3.7226,nan,nan,0.23696,nan
0.13333,4,0.15,0.259,nan,4.2757,nan,nan,4.5761,nan,nan,3.7226,nan,nan,0.23696,nan
0.13333,4,0.1,0.21147,nan,4.2757,nan,4.6999,4.5761,0.12376,4.6585,3.7226,0.93594,nan,0.23696,nan
0.13333,4,0.05,0.14953,4.5239,4.2757,0.24818,4.5936,4.5761,0.017497,4.4154,3.7226,0.69282,0.025387,0.23696,-0.21157
0.13333,4,0.025,0.10574,nan,4.2757,nan,4.5528,4.5761,-0.02333,4.2306,3.7226,0.50802,nan,0.23696,nan
0.13333,8,0.25,0.33437,nan,4.2757,nan,nan,4.5761,nan,nan,3.7226,nan,nan,0.23696,nan
0.13333,8,0.15,0.259,nan,4.2757,nan,4.7167,4.5761,0.14061,4.6864,3.7226,0.96381,nan,0.23696,nan
0.13333,8,0.1,0.21147,nan,4.2757,nan,4.6367,4.5761,0.060563,4.533,3.7226,0.8104,nan,0.23696,nan
0.13333,8,0.05,0.14953,nan,4.2757,nan,4.5685,4.5761,-0.0075793,4.3193,3.7226,0.59668,nan,0.23696,nan
0.13333,8,0.025,0.10574,4.4017,4.2757,0.126,4.5449,4.5761,-0.031248,4.1588,3.7226,0.43616,0.075121,0.23696,-0.16184
0.26667,1,0.25,0.33437,nan,4.5559,nan,5.9764,5.0608,0.91558,5.8684,3.5273,2.3411,nan,0.40278,nan
0.26667,1,0.15,0.259,nan,4.5559,nan,5.591,5.0608,0.53021,5.362,3.5273,1.8347,nan,0.40278,nan
0.26667,1,0.1,0.21147,5.26,4.5559,0.70415,5.3846,5.0608,0.32381,5.0387,3.5273,1.5114,0.038308,0.40278,-0.36448
0.26667,1,0.05,0.14953,4.9847,4.5559,0.42878,5.1789,5.0608,0.11816,4.6117,3.5273,1.0844,0.083501,0.40278,-0.31928
0.26667,1,0.025,0.10574,4.8239,4.5559,0.26806,5.086,5.0608,0.025265,4.3047,3.5273,0.77735,0.13796,0.40278,-0.26482
0.26667,2,0.25,0.33437,nan,4.5559,nan,5.728,5.0608,0.66725,5.5519,3.5273,2.0245,nan,0.40278,nan
0.26667,2,0.15,0.259,5.3139,4.5559,0.75806,5.4288,5.0608,0.36805,5.1134,3.5273,1.5861,0.033126,0.40278,-0.36966
0.26667,2,0.1,0.21147,5.1205,4.5559,0.56466,5.2753,5.0608,0.21451,4.8337,3.5273,1.3063,0.056325,0.40278,-0.34646
0.26667,2,0.05,0.14953,4.9035,4.5559,0.34758,5.1284,5.0608,0.067586,4.4642,3.5273,0.93692,0.10694,0.40278,-0.29584
0.26667,2,0.025,0.10574,4.7759,4.5559,0.22001,5.0651,5.0608,0.0043026,4.1987,3.5273,0.67133,0.1622,0.40278,-0.24059
0.26667,4,0.25,0.33437,5.4248,4.5559,0.86892,5.5224,5.0608,0.46161,5.2608,3.5273,1.7335,0.024675,0.40278,-0.37811
0.26667,4,0.15,0.259,5.1543,4.5559,0.59837,5.3009,5.0608,0.24013,4.885,3.5273,1.3577,0.051239,0.40278,-0.35155
0.26667,4,0.1,0.21147,5.0042,4.5559,0.44829,5.192,5.0608,0.1312,4.6453,3.5273,1.118,0.078802,0.40278,-0.32398
0.26667,4,0.05,0.14953,4.8354,4.5559,0.27953,5.0916,5.0608,0.030835,4.3288,3.5273,0.80149,0.13286,0.40278,-0.26992
0.26667,4,0.025,0.10574,4.7351,4.5559,0.17924,5.0508,5.0608,-0.0099404,4.1013,3.5273,0.57398,0.18723,0.40278,-0.21555
0.26667,8,0.25,0.33437,5.2353,4.5559,0.67944,5.3647,5.0608,0.30387,5.0037,3.5273,1.4764,0.040971,0.40278,-0.36181
0.26667,8,0.15,0.259,5.0267,4.5559,0.47084,5.2074,5.0608,0.14663,4.6833,3.5273,1.156,0.073744,0.40278,-0.32904
0.26667,8,0.1,0.21147,4.9113,4.5559,0.35537,5.1329,5.0608,0.072147,4.479,3.5273,0.95166,0.10438,0.40278,-0.2984
0.26667,8,0.05,0.14953,4.7805,4.5559,0.22464,5.0669,5.0608,0.0061412,4.2093,3.5273,0.68192,0.15964,0.40278,-0.24315
0.26667,8,0.025,0.10574,4.7018,4.5559,0.14588,5.0422,5.0608,-0.018563,4.0154,3.5273,0.48806,0.21171,0.40278,-0.19108
0.53333,1,0.25,0.33437,6.7143,5.1249,1.5894,7.143,5.9644,1.1787,5.7965,3.2041,2.5924,0.13365,0.67076,-0.53711
0.53333,1,0.15,0.259,6.224,5.1249,1.0991,6.6561,5.9644,0.69178,5.2141,3.2041,2.01,0.16885,0.67076,-0.50191
0.53333,1,0.1,0.21147,5.9478,5.1249,0.82287,6.4023,5.9644,0.43799,4.8466,3.2041,1.6425,0.20555,0.67076,-0.4652
0.53333,1,0.05,0.14953,5.6354,5.1249,0.51044,6.1531,5.9644,0.18879,4.3672,3.2041,1.1631,0.28001,0.67076,-0.39075
0.53333,1,0.025,0.10574,5.45,5.1249,0.3251,6.0374,5.9644,0.073006,4.0278,3.2041,0.82374,0.35754,0.67076,-0.31322
0.53333,2,0.25,0.33437,6.4003,5.1249,1.2754,6.8277,5.9644,0.86331,5.4315,3.2041,2.2274,0.15306,0.67076,-0.5177
0.53333,2,0.15,0.259,6.0087,5.1249,0.8838,6.4563,5.9644,0.49192,4.9312,3.2041,1.7271,0.1958,0.67076,-0.47496
0.53333,2,0.1,0.21147,5.79,5.1249,0.66504,6.2699,5.9644,0.30554,4.6154,3.2041,1.4113,0.23703,0.67076,-0.43373
0.53333,2,0.05,0.14953,5.5422,5.1249,0.41726,6.091,5.9644,0.12662,4.2036,3.2041,0.9995,0.31443,0.67076,-0.35633
0.53333,2,0.025,0.10574,5.3937,5.1249,0.26883,6.0094,5.9644,0.045071,3.9119,3.2041,0.70784,0.38979,0.67076,-0.28097
0.53333,4,0.25,0.33437,6.1341,5.1249,1.0092,6.5712,5.9644,0.60679,5.0986,3.2041,1.8946,0.17887,0.67076,-0.49189
0.53333,4,0.15,0.259,5.8282,5.1249,0.70324,6.3009,5.9644,0.33651,4.6732,3.2041,1.4691,0.22846,0.67076,-0.4423
0.53333,4,0.1,0.21147,5.6576,5.1249,0.53272,6.169,5.9644,0.20466,4.4046,3.2041,1.2005,0.27285,0.67076,-0.39791
0.53333,4,0.05,0.14953,5.4634,5.1249,0.33846,6.0446,5.9644,0.080216,4.0543,3.2041,0.85023,0.35061,0.67076,-0.32015
0.53333,4,0.025,0.10574,5.3455,5.1249,0.22062,5.9891,5.9644,0.024697,3.8062,3.2041,0.60211,0.42208,0.67076,-0.24867
0.53333,8,0.25,0.33437,5.9199,5.1249,0.79494,6.3781,5.9644,0.41375,4.807,3.2041,1.6029,0.21043,0.67076,-0.46033
0.53333,8,0.15,0.259,5.6834,5.1249,0.55844,6.1878,5.9644,0.2234,4.4471,3.2041,1.243,0.26504,0.67076,-0.40572
0.53333,8,0.1,0.21147,5.5511,5.1249,0.42623,6.0966,5.9644,0.13228,4.2199,3.2041,1.0158,0.31076,0.67076,-0.36
0.53333,8,0.05,0.14953,5.3992,5.1249,0.27428,6.0119,5.9644,0.047591,3.9235,3.2041,0.71939,0.38644,0.67076,-0.28432
0.53333,8,0.025,0.10574,5.3057,5.1249,0.18078,5.9752,5.9644,0.010819,3.7135,3.2041,0.50943,0.4528,0.67076,-0.21796
1.0667,1,0.25,0.33437,8.302,6.2891,2.0129,9.4379,7.674,1.7639,5.0785,2.6778,2.4007,0.45233,1.0894,-0.63705
1.0667,1,0.15,0.259,7.6906,6.2891,1.4015,8.7156,7.674,1.0416,4.5395,2.6778,1.8617,0.48918,1.0894,-0.60019
1.0667,1,0.1,0.21147,7.3476,6.2891,1.0585,8.3576,7.674,0.68358,4.1993,2.6778,1.5216,0.53299,1.0894,-0.55639
1.0667,1,0.05,0.14953,6.957,6.2891,0.66783,8.0103,7.674,0.3363,3.7557,2.6778,1.0779,0.62585,1.0894,-0.46352
1.0667,1,0.025,0.10574,6.7213,6.2891,0.43216,7.842,7.674,0.16791,3.4415,2.6778,0.76376,0.72265,1.0894,-0.36673
1.0667,2,0.25,0.33437,7.9098,6.2891,1.6206,8.9646,7.674,1.2906,4.7407,2.6778,2.0629,0.47158,1.0894,-0.6178
1.0667,2,0.15,0.259,7.4234,6.2891,1.1342,8.4329,7.674,0.75883,4.2776,2.6778,1.5999,0.52109,1.0894,-0.56829
1.0667,2,0.1,0.21147,7.151,6.2891,0.8618,8.1736,7.674,0.49955,3.9854,2.6778,1.3077,0.57197,1.0894,-0.5174
1.0667,2,0.05,0.14953,6.8391,6.2891,0.54991,7.9215,7.674,0.24741,3.6042,2.6778,0.92646,0.66901,1.0894,-0.42037
1.0667,2,0.025,0.10574,6.6487,6.2891,0.35955,7.7983,7.674,0.12428,3.3342,2.6778,0.65645,0.76238,1.0894,-0.327
1.0667,4,0.25,0.33437,7.579,6.2891,1.2899,8.5945,7.674,0.92047,4.4326,2.6778,1.7549,0.50084,1.0894,-0.58854
1.0667,4,0.15,0.259,7.1986,6.2891,0.90949,8.2166,7.674,0.54257,4.0388,2.6778,1.3611,0.56129,1.0894,-0.52809
1.0667,4,0.1,0.21147,6.985,6.2891,0.6959,8.0327,7.674,0.35868,3.7903,2.6778,1.1126,0.61687,1.0894,-0.47251
1.0667,4,0.05,0.14953,6.7385,6.2891,0.44932,7.8529,7.674,0.17886,3.4661,2.6778,0.78828,0.71406,1.0894,-0.37531
1.0667,4,0.025,0.10574,6.5859,6.2891,0.29679,7.7645,7.674,0.090404,3.2363,2.6778,0.55855,0.80176,1.0894,-0.28762
1.0667,8,0.25,0.33437,7.3129,6.2891,1.0237,8.3239,7.674,0.64984,4.1627,2.6778,1.485,0.53896,1.0894,-0.55041
1.0667,8,0.15,0.259,7.0174,6.2891,0.72824,8.0591,7.674,0.38501,3.8296,2.6778,1.1518,0.60706,1.0894,-0.48232
1.0667,8,0.1,0.21147,6.8504,6.2891,0.5613,7.9297,7.674,0.25561,3.6193,2.6778,0.94155,0.66442,1.0894,-0.42496
1.0667,8,0.05,0.14953,6.6558,6.2891,0.36661,7.8024,7.674,0.12832,3.3449,2.6778,0.66715,0.75826,1.0894,-0.33112
1.0667,8,0.025,0.10574,6.5336,6.2891,0.24447,7.7393,7.674,0.065275,3.1505,2.6778,0.4727,0.83884,1.0894,-0.25054
