sigma_t,w,E_sim,zad_sim,G_cont,E_cont,dE,dG
0.4,6.0,-2.90466,1.19712,1.34332227273157,-2.992981520958115,0.08832152095811541,-0.14620227273156994
0.4,4.8,-1.74772,0.723571,0.8035916368675281,-1.742066117126436,-0.005653882873563942,-0.08002063686752814
0.4,2.0,-0.464602,0.26838,0.2752835430157727,-0.4704856637843158,0.005883663784315762,-0.006903543015772673
0.4,2.8,-0.705744,0.323148,0.33194094621282433,-0.7111181022132967,0.005374102213296705,-0.008792946212824337
0.4,5.6,-2.53468,1.02495,1.1168963196794806,-2.504318324953626,-0.030361675046373993,-0.09194631967948053
0.4,4.4,-1.40254,0.585593,0.6658108258745581,-1.448527677889675,0.04598767788967506,-0.08021782587455806
0.4,3.6,-0.999219,0.409599,0.4406946152234252,-1.0140818664581315,0.014862866458131507,-0.031095615223425188
0.4,5.2,-2.07029,0.870702,0.949428976338669,-2.092185257310677,0.021895257310676985,-0.07872697633866899
0.4,2.4,-0.581793,0.293553,0.30008051673372615,-0.5852525067025958,0.0034595067025957604,-0.006527516733726146
0.4,6.4,-3.49951,1.61739,nan,nan,nan,nan
0.4,3.2,-0.838766,0.360902,0.3760309279645162,-0.8519010067303877,0.0131350067303877,-0.015128927964516203
0.4,4.0,-1.17589,0.479383,0.5382846350903698,-1.208515734418054,0.03262573441805383,-0.05890163509036983
0.5334,4.8,-1.59256,0.642497,0.7039646657982784,-1.6464180333808938,0.05385803338089379,-0.06146766579827845
0.5334,3.2,-0.829325,0.346472,0.3609358035012556,-0.8403989057107114,0.01107390571071143,-0.01446380350125559
0.5334,4.0,-1.15103,0.457849,0.4886056708634765,-1.1736169953873006,0.02258699538730058,-0.0307566708634765
0.5334,5.2,-1.89175,0.73883,0.8238424494176225,-1.9516712316998355,0.05992123169983543,-0.08501244941762254
0.5334,6.4,-3.20835,1.19844,1.2826621424722784,-3.188268040195661,-0.02008195980433891,-0.08422214247227844
0.5334,2.0,-0.464521,0.26757,0.2719084024605073,-0.4680854780306621,0.003564478030662066,-0.004338402460507318
0.5334,2.4,-0.576383,0.288537,0.2944624300576721,-0.5811364988312772,0.004753498831277181,-0.005925430057672099
0.5334,6.0,-2.61498,0.957828,1.0961800640457549,-2.714735082004742,0.0997550820047417,-0.13835206404575484
0.5334,4.4,-1.3479,0.521206,0.5890908122859944,-1.388230825942547,0.040330825942547,-0.06788481228599441
0.5334,2.8,-0.699543,0.313703,0.3226339626264036,-0.7042366979420481,0.004693697942048103,-0.008930962626403582
0.5334,6.8,-3.65324,1.44407,nan,nan,nan,nan
0.5334,5.6,-2.23739,0.857457,0.9512216226157257,-2.3061856738473803,0.06879567384738028,-0.09376462261572571
0.5334,3.6,-0.9742,0.389877,0.4129565023590229,-0.994372579299651,0.020172579299650994,-0.023079502359022952
0.6666,5.6,-2.1471,0.770461,0.8434763540267681,-2.1685033825325766,0.021403382532576565,-0.07301535402676818
0.6666,4.8,-1.52664,0.569789,0.6335574815880832,-1.5790424285042897,0.052402428504289666,-0.06376848158808324
0.6666,3.6,-0.956591,0.366751,0.39422526571757793,-0.9790721559059266,0.022481155905926586,-0.02747426571757794
0.6666,6.0,-2.44291,0.844924,0.957334464234697,-2.5281862130671353,0.0852762130671354,-0.11241046423469703
0.6666,4.0,-1.11551,0.415686,0.4552920471872509,-1.1480283459884801,0.032518345988480135,-0.039606047187250915
0.6666,6.4,-2.87275,1.00379,1.085841122916283,-2.9360243436456868,0.06327434364568685,-0.08205112291628303
0.6666,7.2,-3.86234,1.36686,nan,nan,nan,nan
0.6666,2.8,-0.690866,0.306653,0.3159775246569825,-0.6985080207245041,0.0076420207245041505,-0.009324524656982469
0.6666,4.4,-1.30853,0.494872,0.5366121681747354,-1.3455432174567552,0.03701321745675523,-0.04174016817473547
0.6666,2.0,-0.463827,0.263521,0.2690636137686301,-0.46602192820551186,0.00219492820551187,-0.005542613768630078
0.6666,3.2,-0.817528,0.336338,0.3488812262662933,-0.8310972509334149,0.013569250933414878,-0.012543226266293284
0.6666,5.2,-1.8097,0.669933,0.7367043967252124,-1.8527744087552651,0.043074408755265026,-0.06677139672521237
0.6666,6.8,-3.29889,1.11238,1.2447775308791957,-3.4005451623691156,0.10165516236911554,-0.1323975308791958
0.6666,2.4,-0.573128,0.285139,0.28985613786172004,-0.5776467194209493,0.00451871942094928,-0.0047171378617200665
0.8,2.8,-0.686582,0.301655,0.31049974572271966,-0.6935858706861098,0.007003870686109748,-0.008844745722719649
0.8,7.2,-3.58926,1.1375,1.2201520135666435,-3.6234584744706186,0.034198474470618745,-0.08265201356664353
0.8,6.0,-2.52317,0.84547,0.8617782038058318,-2.390964050571929,-0.13220594942807073,-0.016308203805831756
0.8,2.0,-0.456439,0.260801,0.26660546507698085,-0.4642009593315722,0.007761959331572199,-0.005804465076980847
0.8,5.2,-1.73063,0.613717,0.6716335627994886,-1.7788817910185433,0.04825179101854338,-0.05791656279948865
0.8,3.6,-0.946221,0.361681,0.37902478118884547,-0.966590502511709,0.020369502511708992,-0.017343781188845497
0.8,6.4,-2.70725,0.895178,0.9651944426948429,-2.7558879200865625,0.048637920086562314,-0.07001644269484286
0.8,3.2,-0.812531,0.328918,0.3404128236169889,-0.8232682601960113,0.010737260196011289,-0.011494823616988892
0.8,4.0,-1.11221,0.408115,0.43105044407544174,-1.1279262050007401,0.015716205000740224,-0.022935444075441735
0.8,5.6,-2.06237,0.715714,0.7649379443007844,-2.065988708854864,0.003618708854864039,-0.04922394430078447
0.8,4.4,-1.28355,0.458478,0.49880989201901177,-1.3131466027252314,0.029596602725231458,-0.04033189201901177
0.8,6.8,-3.05719,0.979711,1.0809265098584133,-3.164442795807525,0.10725279580752511,-0.10121550985841332
0.8,7.6,-4.05865,1.28052,1.4479418379720561,-4.14986725678908,0.0912172567890801,-0.167421837972056
0.8,4.8,-1.47464,0.521097,0.5814293012875937,-1.5286644092415733,0.05402440924157337,-0.060332301287593704
0.8,2.4,-0.56872,0.279505,0.28606933755977065,-0.5746005906127294,0.005880590612729386,-0.00656433755977065
0.9334,2.4,-0.566289,0.276436,0.28289863645726865,-0.5719002802646861,0.005611280264686047,-0.0064626364572686334
0.9334,8.0,-4.27421,1.24662,1.3794706695330181,-4.367647690861828,0.09343769086182796,-0.13285066953301805
0.9334,3.2,-0.806807,0.321935,0.33318576376869835,-0.8165219150203524,0.009714915020352377,-0.011250763768698324
0.9334,2.8,-0.678197,0.296328,0.3057579572924626,-0.6892757471417883,0.011078747141788248,-0.009429957292462599
0.9334,7.6,-3.77726,1.11555,1.2039765287542208,-3.854300454468504,0.07704045446850394,-0.08842652875422075
0.9334,3.6,-0.940364,0.352716,0.3677201671737897,-0.956088115504819,0.015724115504819003,-0.015004167173789718
0.9334,4.8,-1.45025,0.491798,0.5416386885150625,-1.4893469506255688,0.03909695062556873,-0.04984068851506246
0.9334,5.2,-1.67362,0.564456,0.6211640035321045,-1.7215002793114735,0.04788027931147343,-0.05670800353210459
0.9334,6.8,-2.92836,0.903222,0.9738849035987514,-2.9884516646976205,0.060091664697620395,-0.07066290359875138
0.9334,4.0,-1.08942,0.391472,0.4126916035183228,-1.1115581701580561,0.02213817015805608,-0.021219603518322805
0.9334,4.4,-1.25799,0.443905,0.47059878638435,-1.2875347611474361,0.029544761147436205,-0.026693786384349993
0.9334,5.6,-1.96213,0.666456,0.704450482834787,-1.986403325189744,0.02427332518974401,-0.0379944828347869
0.9334,6.0,-2.28412,0.725933,0.7898677578749368,-2.2849335237755004,0.0008135237755002578,-0.06393475787493674
0.9334,7.2,-3.40797,1.02503,1.0795456859314585,-3.39857234792592,-0.009397652074080387,-0.05451568593145839
0.9334,6.4,-2.56322,0.812332,0.8787513778737162,-2.618381130007744,0.05516113000774414,-0.0664193778737161
0.9334,2.0,-0.460239,0.260949,0.2644266168401377,-0.4625718866306768,0.002332886630676767,-0.0034776168401376983
1.0666,6.8,-2.90271,0.861549,0.8948309985373953,-2.8502309316741727,-0.05247906832582716,-0.03328199853739533
1.0666,2.0,-0.458693,0.257389,0.26249344766523786,-0.4610995022088602,0.002406502208860184,-0.005104447665237877
1.0666,8.0,-4.02228,1.1158,1.1932403330413244,-4.0915283539313325,0.06924835393133222,-0.07744033304132447
1.0666,7.6,-3.55166,1.00013,1.0805494344946018,-3.6375686728714935,0.08590867287149351,-0.08041943449460187
1.0666,4.0,-1.07834,0.376841,0.39793540157602053,-1.0977709292433209,0.019430929243320794,-0.02109440157602055
1.0666,3.2,-0.803102,0.316221,0.32691790687948136,-0.8106149028452788,0.007512902845278835,-0.010696906879481383
1.0666,5.2,-1.63137,0.542029,0.580990432534553,-1.6756043148006616,0.044234314800661645,-0.038961432534552976
1.0666,6.0,-2.29993,0.707213,0.7331941162819686,-2.200291159833531,-0.09963884016646896,-0.02598111628196864
1.0666,8.4,-4.51496,1.23265,1.3414398174509286,-4.596380771721782,0.08142077172178208,-0.10878981745092853
1.0666,2.4,-0.566799,0.274863,0.2801064340075873,-0.5694787282203542,0.002679728220354116,-0.005243434007587255
1.0666,4.4,-1.23486,0.421081,0.4487195858351948,-1.266464184975891,0.031604184975891014,-0.027638585835194796
1.0666,5.6,-1.86137,0.598893,0.6561292084033885,-1.9227208628538388,0.06135086285383884,-0.0572362084033885
1.0666,3.6,-0.93212,0.342998,0.35837715561111766,-0.9470731521864804,0.014953152186480412,-0.015379155611117634
1.0666,7.2,-3.23202,0.94256,0.9831351329984891,-3.225376225007127,-0.006643774992872942,-0.04057513299848914
1.0666,6.4,-2.50884,0.779645,0.8122785301629926,-2.509153629900679,0.0003136299006789578,-0.03263353016299253
1.0666,8.8,-5.06138,1.49174,nan,nan,nan,nan
1.0666,4.8,-1.41855,0.474747,0.5105333477049276,-1.4577011433290572,0.039151143329057225,-0.03578634770492767
1.0666,2.8,-0.677198,0.29285,0.30161593280296184,-0.685450787060215,0.008252787060215039,-0.00876593280296184
1.2,5.2,-1.58765,0.505944,0.5484324243789171,-1.6377018283923725,0.050051828392372544,-0.0424884243789172
1.2,4.0,-1.06341,0.368009,0.3861988891038154,-1.0858643255326368,0.02245432553263682,-0.018189889103815415
1.2,4.8,-1.40534,0.451398,0.4854710688695619,-1.4313643716676243,0.02602437166762428,-0.03407306886956185
1.2,2.4,-0.563681,0.271118,0.2775909051554098,-0.5672765648977667,0.00359556489776669,-0.006472905155409769
1.2,6.8,-2.79585,0.806801,0.8324468843192122,-2.7375886684616186,-0.05826133153838153,-0.02564588431921222
1.2,5.6,-1.80349,0.565042,0.6165198559120556,-1.870393744284621,0.06690374428462098,-0.05147785591205556
1.2,9.2,-5.31961,1.41352,nan,nan,nan,nan
1.2,4.4,-1.22702,0.405146,0.43052585028121193,-1.2486517552382337,0.021631755238233685,-0.025379850281211924
1.2,6.0,-2.07167,0.631874,0.686769620128733,-2.1308376636157584,0.059167663615758315,-0.05489562012873295
1.2,3.6,-0.929089,0.33692,0.3501858498547874,-0.9391588511361788,0.010069851136178753,-0.013265849854787404
1.2,2.8,-0.675727,0.289,0.2979187803837889,-0.6820034217304531,0.006276421730453174,-0.008918780383788905
1.2,8.8,-4.7588,1.22932,1.3157260536878759,-4.832029334923757,0.07322933492375672,-0.0864060536878759
1.2,7.6,-3.4015,0.917151,0.9922220733727508,-3.4656474691541135,0.06414746915411351,-0.07507107337275076
1.2,3.2,-0.798073,0.309978,0.3213592825750225,-0.8053529488281455,0.007279948828145422,-0.011381282575022522
1.2,6.4,-2.37411,0.707079,0.758583119379496,-2.4196966826943225,0.04558668269432253,-0.05150411937949595
1.2,2.0,-0.458076,0.258105,0.2607410206979582,-0.4597517105348424,0.0016757105348423895,-0.002636020697958208
1.2,8.0,-3.81369,1.01046,1.0827299094415024,-3.8801162031157066,0.0664262031157068,-0.07226990944150247
1.2,8.4,-4.24112,1.11174,1.1859025439566007,-4.33317782888255,0.09205782888255065,-0.07416254395660071
1.2,7.2,-3.05788,0.861148,0.9096722378137818,-3.0856218002678317,0.027741800267831795,-0.04852423781378179
1.3334,3.6,-0.917726,0.327741,0.34294975328191685,-0.9321273829328771,0.014401382932877071,-0.015208753281916843
1.3334,9.2,-5.1199,1.24293,1.297020268408039,-5.073344024559372,-0.046555975440628394,-0.05409026840803888
1.3334,6.4,-2.30422,0.663435,0.7140093780856278,-2.3449314513456097,0.04071145134560972,-0.050574378085627814
1.3334,9.6,-5.48429,1.36294,nan,nan,nan,nan
1.3334,2.8,-0.673073,0.286149,0.2945997377489107,-0.6788763925021463,0.005803392502146232,-0.008450737748910697
1.3334,7.6,-3.24716,0.870309,0.9236305391248906,-3.3244682764491365,0.0773082764491364,-0.05332153912489057
1.3334,8.8,-4.4863,1.11394,1.1810113665385924,-4.578779845235536,0.09247984523553576,-0.06707136653859247
1.3334,2.0,-0.455005,0.255476,0.25913928961032107,-0.45851101465348226,0.00350601465348227,-0.0036632896103210855
1.3334,2.4,-0.560689,0.270006,0.2753247090446578,-0.5652618888595481,0.0045728888595480965,-0.0053187090446577545
1.3334,7.2,-3.01831,0.834209,0.8508376619936106,-2.9698793934621692,-0.04843060653783082,-0.01662866199361057
1.3334,5.2,-1.5529,0.476029,0.5214971979573129,-1.6060504873550319,0.05315048735503192,-0.045468197957312884
1.3334,4.8,-1.3739,0.42909,0.4650107936940535,-1.4091651444368134,0.0352651444368135,-0.03592079369405349
1.3334,8.4,-4.07279,1.03147,1.0857492048824529,-4.125950361487831,0.053160361487830876,-0.05427920488245275
1.3334,8.0,-3.66591,0.954643,1.001042509139846,-3.709060164686413,0.043150164686413195,-0.04639950913984603
1.3334,3.2,-0.790363,0.30589,0.3164022578159767,-0.8006202159947278,0.01025721599472773,-0.0105122578159767
1.3334,4.4,-1.20724,0.391248,0.4163907990104525,-1.233370027044981,0.026130027044980908,-0.02514279901045252
1.3334,5.6,-1.77575,0.540525,0.5834619448536816,-1.8267288298299125,0.05097882982991253,-0.0429369448536816
1.3334,6.0,-2.01815,0.588519,0.6481243946593669,-2.0727742473081863,0.05462424730818638,-0.05960539465936687
1.3334,4.0,-1.06512,0.361441,0.37590777748662896,-1.0754396020866186,0.010319602086618529,-0.014466777486628946
1.3334,6.8,-2.58437,0.726805,0.7813813180909126,-2.6437261897895588,0.05935618978955892,-0.05457631809091257
1.4666,7.6,-3.23538,0.821215,0.8678114788885819,-3.205947802530741,-0.02943219746925907,-0.04659647888858187
1.4666,6.8,-2.60556,0.70352,0.7385891886655753,-2.564333334660472,-0.0412266653395279,-0.03506918866557529
1.4666,8.4,-3.94107,0.965017,1.01005479577882,-3.9555014899094676,0.014431489909467743,-0.045037795778819945
1.4666,10.0,-5.95913,1.36062,1.4449382878520163,-5.861091862120885,-0.09803813787911508,-0.08431828785201634
1.4666,2.0,-0.453809,0.253598,0.2576849001513924,-0.45736321928641266,0.003554219286412641,-0.004086900151392403
1.4666,8.8,-4.29089,1.01866,1.089495018602132,-4.374965097695919,0.08407509769591925,-0.07083501860213204
1.4666,6.4,-2.24779,0.638143,0.6764393161345842,-2.281561180823435,0.033771180823434666,-0.038296316134584174
1.4666,5.6,-1.74633,0.512789,0.5556853875368104,-1.78952312841316,0.04319312841316014,-0.042896387536810354
1.4666,5.2,-1.53355,0.464824,0.4991748470167541,-1.5789176284255135,0.04536762842551356,-0.03435084701675406
1.4666,7.2,-2.87261,0.763466,0.802154883807961,-2.872230042292153,-0.00037995770784693406,-0.03868888380796098
1.4666,3.2,-0.786276,0.302591,0.3119497198406055,-0.7963284836740945,0.010052483674094503,-0.00935871984060549
1.4666,2.4,-0.556299,0.266921,0.2732499346690421,-0.563408235548566,0.0071092355485660175,-0.006328934669042108
1.4666,4.4,-1.19497,0.378103,0.40391529694491257,-1.2200516064671785,0.025081606467178386,-0.02581229694491255
1.4666,9.2,-4.77697,1.12732,1.178170387998799,-4.828032688789369,0.05106268878936859,-0.05085038799879893
1.4666,4.8,-1.35876,0.423555,0.4480669561689496,-1.3899501091203683,0.031190109120368348,-0.024511956168949578
1.4666,3.6,-0.90943,0.322563,0.33671657414929224,-0.9258048391570546,0.01637483915705462,-0.014153574149292247
1.4666,6.0,-2.00062,0.583565,0.6153266608890746,-2.0234501999527965,0.02283019995279645,-0.03176166088907462
1.4666,2.8,-0.667356,0.284653,0.2915888977659166,-0.6760149233568344,0.008658923356834491,-0.006935897765916632
1.4666,8.0,-3.5522,0.906292,0.9365925840708506,-3.5665450585270975,0.014345058527097443,-0.030300584070850567
1.4666,9.6,-5.27685,1.2123,1.283974781935045,-5.319569066971362,0.04271906697136263,-0.07167478193504517
1.4666,4.0,-1.04817,0.350975,0.36691101667281284,-1.0662107222762176,0.018040722276217558,-0.01593601667281286
1.6,2.4,-0.555632,0.265608,0.2713559534295106,-0.5616874682154084,0.006055468215408366,-0.005747953429510566
1.6,8.8,-4.24588,0.992042,1.018467265360851,-4.2042350314879195,-0.041644968512080105,-0.026425265360851102
1.6,4.8,-1.33691,0.408723,0.4335285352631697,-1.3730912226333634,0.03618122263336332,-0.024805535263169698
1.6,6.8,-2.46333,0.660095,0.7019166394544011,-2.4959981073391715,0.03266810733917147,-0.041821639454401094
1.6,9.2,-4.60845,1.04801,1.0935530179035995,-4.626253611758033,0.017803611758032467,-0.04554301790359938
1.6,6.4,-2.15066,0.590911,0.6440615168857775,-2.2270387745021036,0.07637877450210384,-0.05315051688577754
1.6,2.8,-0.665319,0.281388,0.28885516396439087,-0.6733773202108904,0.008058320210890368,-0.007467163964390844
1.6,10.4,-5.97421,1.30486,1.4070576175929077,-6.102861900296428,0.12865190029642815,-0.1021976175929078
1.6,4.0,-1.04236,0.345361,0.35981676144056873,-1.0579267172305116,0.015566717230511617,-0.01445576144056876
1.6,5.6,-1.7119,0.493678,0.5319924119238215,-1.757465784501441,0.045565784501441,-0.03831441192382151
1.6,9.6,-5.00855,1.11655,1.1763800816656027,-5.07982474133133,0.07127474133133038,-0.059830081665602775
1.6,3.6,-0.910411,0.320775,0.3317085993311777,-0.920060525211801,0.009649525211801069,-0.010933599331177712
1.6,6.0,-1.93166,0.547313,0.5871487897557383,-1.9810283263851107,0.049368326385110795,-0.039835789755738205
1.6,8.0,-3.44404,0.831012,0.8835064859673268,-3.4449896765692136,0.000949676569213409,-0.052494485967326865
1.6,10.0,-5.48591,1.20518,1.2735962786004575,-5.569129279649607,0.08321927964960718,-0.06841627860045763
1.6,7.2,-2.79884,0.734005,0.7607496069107981,-2.78828607647324,-0.010553923526760212,-0.026744606910798052
1.6,4.4,-1.18767,0.37563,0.39328606167914354,-1.2081904326745407,0.020520432674540734,-0.01765606167914352
1.6,3.2,-0.783959,0.298111,0.30791575602133625,-0.7923979249048616,0.008438924904861644,-0.009804756021336236
1.6,2.0,-0.452579,0.253099,0.2563294782688734,-0.4562929828629703,0.003713982862970311,-0.0032304782688734046
1.6,5.2,-1.51706,0.450368,0.48009834805390933,-1.5553743524615966,0.038314352461596535,-0.02973034805390934
1.6,7.6,-3.087,0.776697,0.8210050658903874,-3.1043813231598927,0.017381323159892492,-0.04430806589038738
1.6,8.4,-3.71657,0.889411,0.9489610875828028,-3.81113278352632,0.09456278352632008,-0.05955008758280289
1.7334,2.4,-0.558013,0.266184,0.26959011169877395,-0.5600852303339466,0.0020722303339466563,-0.0034061116987739726
1.7334,4.4,-1.16902,0.36237,0.3844551141224718,-1.1975540953682895,0.028534095368289547,-0.022085114122471772
1.7334,11.2,-6.79057,1.4594,nan,nan,nan,nan
1.7334,3.2,-0.778802,0.298394,0.3044062825092173,-0.7887814413206587,0.009979441320658755,-0.006012282509217315
1.7334,10.4,-5.68993,1.19569,1.2656195986754706,-5.8218248389105565,0.1318948389105561,-0.06992959867547066
1.7334,10.0,-5.26001,1.12502,1.1757553148497615,-5.334155959880675,0.07414595988067507,-0.05073531484976157
1.7334,7.2,-2.70159,0.688526,0.7250531638848886,-2.715194637189237,0.013604637189236879,-0.036527163884888636
1.7334,10.8,-6.33322,1.30741,1.382106502210413,-6.349799308691347,0.016579308691347272,-0.07469650221041313
1.7334,8.4,-3.71675,0.878945,0.8981005450351296,-3.6868127874286603,-0.029937212571339966,-0.019155545035129617
1.7334,2.0,-0.451151,0.251281,0.2550748557784346,-0.4552914239833673,0.004140423983367281,-0.003793855778434607
1.7334,6.8,-2.41443,0.641918,0.6701180253758575,-2.436426355299971,0.02199635529997135,-0.02820002537585753
1.7334,2.8,-0.662804,0.280044,0.286324342271496,-0.6709315652114071,0.008127565211407117,-0.006280342271495987
1.7334,5.6,-1.68338,0.477293,0.5115082788631489,-1.729524789805493,0.04614478980549297,-0.034215278863148846
1.7334,8.0,-3.26726,0.788123,0.8384629019364424,-3.3397884982482218,0.07252849824822194,-0.05033990193644233
1.7334,4.0,-1.03547,0.338231,0.35338555979795344,-1.0504429767228793,0.01497297672287945,-0.015154559797953437
1.7334,9.2,-4.38043,0.971413,1.026595308944057,-4.455318779614084,0.07488877961408402,-0.05518230894405696
1.7334,6.4,-2.11686,0.570494,0.6159345313872314,-2.1794820402731494,0.06262204027314944,-0.045440531387231475
1.7334,6.0,-1.89173,0.521839,0.5627174692863627,-1.944044938401151,0.05231493840115098,-0.04087846928636263
1.7334,5.2,-1.49641,0.437218,0.46381281379110384,-1.5348162735345572,0.03840627353455717,-0.026594813791103844
1.7334,9.6,-4.90139,1.05152,1.0977189289562823,-4.879842412410624,-0.02154758758937625,-0.046198928956282304
1.7334,3.6,-0.903962,0.315164,0.32714517649358704,-0.9148177292555901,0.010855729255590085,-0.011981176493587042
1.7334,7.6,-2.99654,0.738894,0.7810167747132528,-3.0161466787798212,0.01960667877982125,-0.042122774713252764
1.7334,8.8,-4.01519,0.908579,0.9604768583033992,-4.058218275462124,0.04302827546212473,-0.051897858303399214
1.7334,4.8,-1.32801,0.397564,0.4210314064367453,-1.358164038307785,0.03015403830778518,-0.02346740643674533
1.8666,6.4,-2.07638,0.548604,0.5912788752312443,-2.1378102392150558,0.06143023921505586,-0.04267487523124436
1.8666,11.2,-6.54267,1.30925,1.3644723301134678,-6.6012422650743705,0.0585722650743703,-0.05522233011346778
1.8666,11.6,-7.07087,1.43736,nan,nan,nan,nan
1.8666,2.8,-0.662008,0.275845,0.2840055745390093,-0.6686598319225618,0.006651831922561802,-0.008160574539009313
1.8666,5.6,-1.65668,0.456554,0.4937593904917007,-1.70480998027308,0.04812998027308013,-0.037205390491700685
1.8666,3.6,-0.902689,0.312731,0.32296161283626834,-0.9100020483259335,0.007313048325933491,-0.01023061283626836
1.8666,8.8,-3.93665,0.886905,0.9117772795560922,-3.9315748064588396,-0.005075193541160594,-0.02487227955609217
1.8666,8.0,-3.25794,0.770695,0.7997176180786376,-3.2479649085848057,-0.00997509141519437,-0.029022618078637596
1.8666,7.6,-2.89116,0.700842,0.7462717921925099,-2.939057970570999,0.04789797057099898,-0.04542979219250998
1.8666,4.0,-1.02831,0.330971,0.3475294150346702,-1.0436340459481759,0.015324045948175824,-0.016558415034670204
1.8666,7.2,-2.674,0.670026,0.6937970060857553,-2.6513112426357126,-0.022688757364287326,-0.02377100608575533
1.8666,4.8,-1.31494,0.384404,0.41047617207555936,-1.34488442154854,0.029944421548540046,-0.02607217207555934
1.8666,9.2,-4.21659,0.91456,0.9714412085653704,-4.307903694661302,0.09131369466130224,-0.05688120856537038
1.8666,2.4,-0.552534,0.262475,0.26796684898570816,-0.5585883743632079,0.006054374363207882,-0.005491848985708148
1.8666,3.2,-0.777676,0.294005,0.3014907094774397,-0.7854361263576886,0.007760126357688524,-0.007485709477439706
1.8666,9.6,-4.98989,1.04682,1.0346022634162537,-4.7087952578722945,-0.28109474212770547,0.012217736583746364
1.8666,5.2,-1.48662,0.427951,0.4496508126920134,-1.5165345316038124,0.0299145316038123,-0.021699812692013376
1.8666,10.0,-5.07441,1.05327,1.1021317019677763,-5.135810423337108,0.06140042333710749,-0.048861701967776394
1.8666,6.0,-1.86836,0.508516,0.5413918401971868,-1.911498326440104,0.04313832644010396,-0.03287584019718681
1.8666,4.4,-1.16464,0.356378,0.37646522524792525,-1.187963346438909,0.0233233464389091,-0.020087225247925278
1.8666,2.0,-0.450449,0.250134,0.2539060363136668,-0.4543523217304913,0.0039033217304912937,-0.0037720363136667934
1.8666,10.4,-5.48541,1.11657,1.1758577278196987,-5.591034509902574,0.1056245099025741,-0.0592877278196986
1.8666,8.4,-3.62876,0.850479,0.854737673541411,-3.5785652695247037,-0.050194730475296545,-0.004258673541410962
1.8666,6.8,-2.3401,0.606683,0.6421671942136989,-2.3843202892667037,0.04422028926670363,-0.03548419421369897
1.8666,10.8,-6.04781,1.21908,1.2597811315034801,-6.077606005876784,0.02979600587678366,-0.040701131503480203
2.0,9.2,-4.17088,0.889835,0.9245053851620405,-4.178611070002062,0.007731070002061635,-0.03467038516204046
2.0,6.4,-2.04216,0.525978,0.569353729378504,-2.100897641189751,0.05873764118975089,-0.04337572937850409
2.0,4.4,-1.1592,0.350069,0.36914261950608346,-1.1792142409942112,0.02001424099421123,-0.01907361950608344
2.0,2.4,-0.555412,0.26341,0.26644778996724006,-0.5571817175846707,0.0017697175846707047,-0.0030377899672400788
2.0,10.8,-5.83055,1.14019,1.1764094694158722,-5.8496067052350975,0.019056705235097837,-0.036219469415872174
2.0,2.0,-0.449606,0.249388,0.25280997281421774,-0.4534669882156842,0.0038609882156842024,-0.003421972814217744
2.0,12.0,-7.2702,1.38256,nan,nan,nan,nan
2.0,11.2,-6.26191,1.19734,1.255141668528189,-6.335410781674504,0.07350078167450391,-0.05780166852818902
2.0,10.4,-5.34722,1.05766,1.106469365775861,-5.393392243739657,0.046172243739657226,-0.048809365775861036
2.0,6.0,-1.82807,0.493702,0.5227066455649051,-1.8827382325548119,0.05466823255481179,-0.029004645564905118
2.0,4.0,-1.02075,0.328653,0.3421444731693887,-1.0373746013944927,0.016624601394492622,-0.013491473169388701
2.0,8.8,-3.73887,0.808037,0.8697412594572937,-3.8200465907546244,0.08117659075462447,-0.06170425945729374
2.0,7.2,-2.60099,0.632593,0.6662109644309451,-2.5944353836258136,-0.006554616374186306,-0.03361796443094511
2.0,8.0,-3.22807,0.751659,0.7657783382092329,-3.166651531219034,-0.06141846878096624,-0.014119338209232946
2.0,2.8,-0.663218,0.276691,0.28184622666882486,-0.6665327755244368,0.0033147755244368193,-0.005155226668824842
2.0,8.4,-3.45919,0.779147,0.8169993003934393,-3.482993796621117,0.02380379662111709,-0.03785230039343923
2.0,5.6,-1.64189,0.450685,0.478177135792101,-1.6827804507211097,0.04089045072110964,-0.027492135792101025
2.0,5.2,-1.46885,0.408765,0.4373543348667182,-1.50009479550419,0.031244795504189904,-0.02858933486671822
2.0,6.8,-2.34415,0.588711,0.6174579146722766,-2.337985944749663,-0.0061640552503368085,-0.028746914672276636
2.0,3.6,-0.894495,0.307767,0.3191036771151377,-0.9055437161338984,0.01104871613389835,-0.011336677115137694
2.0,11.6,-6.74352,1.28521,1.3501986853087053,-6.85556904615245,0.1120490461524497,-0.06498868530870539
2.0,3.2,-0.773926,0.289157,0.2987842382061889,-0.7823202187133887,0.008394218713388746,-0.009627238206188882
2.0,9.6,-4.46814,0.928238,0.9817255125716302,-4.559559167723507,0.09141916772350722,-0.0534875125716302
2.0,7.6,-2.88093,0.68688,0.715594949228351,-2.870554493081427,-0.01037550691857314,-0.02871494922835094
2.0,4.8,-1.30175,0.382006,0.40088474977143584,-1.3328868636789069,0.03113686367890689,-0.018878749771435832
2.0,10.0,-4.87567,0.983998,1.0420977762716817,-4.9640088611146,0.08833886111459943,-0.058099776271681614
