set,sigma_t,s,p,R,S1,E,S2,G_S1,G_S2,G_E_partial,G_E_env,E_energy,G_flat,S1_coarse,S2_coarse,deserno_S1,deserno_E,deserno_S2,grid_scan,grid_ref,note,time_s
s0,0.13,0.2,1,10.0,nan,nan,nan,,,,,,0.2392552510314627,,,4.563454076082426,4.268758600249995,3.728014612238706,mid,mid,no N-shaped w~(G): no barrier,12.2
s0,0.27,0.2,1,10.0,nan,nan,nan,,,,,,0.23457437758083088,,,5.072495894455262,4.562932820617957,3.52283926161092,mid,mid,no N-shaped w~(G): no barrier,9.7
s0,0.53,0.2,1,10.0,6.494819034345188,6.334094183588467,6.0226122438071075,1.4990015921562867,1.8540596825605717,1.2817987631925702,1.918662203790299,-2.9070283365437724,0.2286028110071318,6.494998628675129,5.943571634684857,5.953365827107349,5.117739153291897,3.2077944907238813,mid,mid,,39.3
s0,1.0,0.2,1,10.0,8.197195998497225,7.640260492674107,6.101275701669687,1.478988254708615,1.9167507181348713,1.147128163727796,1.9698485543954243,-3.5372062088256513,0.22155156732433573,8.197837584093005,5.829090470761599,7.46410179108138,6.141984165244892,2.738010289712525,mid,mid,,45.6
s0,0.13,0.1,1,10.0,nan,nan,nan,,,,,,0.13311393527899118,,,4.563454076082426,4.268758600249995,3.728014612238706,mid,mid,no N-shaped w~(G): no barrier,14.5
s0,0.27,0.1,1,10.0,5.264825830807083,5.19889266940368,5.100846846894335,1.3994045276564342,1.76397446938718,1.2074290615125878,1.8467317212189547,-1.6419883066163354,0.13100935452820295,5.265078292853246,5.094612848595125,5.072495894455262,4.562932820617957,3.52283926161092,mid,mid,,31.2
s0,0.53,0.1,1,10.0,6.194140359031121,5.861738978006269,5.127494987018616,1.345985063031011,1.8673199133478724,0.9981618156470606,1.9475806492343124,-1.8261755348556274,0.1281746027764436,6.1947737073221205,4.978603779623708,5.953365827107349,5.117739153291897,3.2077944907238813,mid,mid,,43.4
s0,0.13,0.05,1,10.0,nan,nan,nan,,,,,,0.07076358274874561,,,4.563454076082426,4.268758600249995,3.728014612238706,mid,mid,no N-shaped w~(G): no barrier,17.1
s0,1.0,0.1,1,10.0,7.847143714800654,7.080195511065554,4.883365874581307,1.360914456349492,1.9157998605798825,0.9286706595562723,1.9795747813987887,-2.31631960668015,0.12467119169573898,7.8479731431306625,4.702575494008385,7.46410179108138,6.141984165244892,2.738010289712525,mid,mid,,38.2
s0,0.27,0.05,1,10.0,5.125043273501588,4.955139026934591,4.655012363088308,1.2383284681281073,1.7970000142032438,0.911021163936652,1.9044156775755574,-1.0286943713270555,0.06996045719264404,5.125605426609687,4.647715954171585,5.072495894455262,4.562932820617957,3.52283926161092,mid,mid,,30.6
s0,0.53,0.05,1,10.0,6.051944079907344,5.586591626249732,4.514401251512159,1.2290427128425696,1.8701110553060902,0.7899086439759633,1.9632904747302162,-1.188230336306615,0.06880607095147204,6.052576350033543,4.367266807702086,5.953365827107349,5.117739153291897,3.2077944907238813,mid,mid,,46.1
s0,1.0,0.05,1,10.0,7.6650205874882085,6.7441779529706745,4.129189744436224,1.2662262835328444,1.9107629605390397,0.7624780798528498,1.9855490902672142,-1.5812803914259508,0.06729756156183588,7.6659610846620865,3.985347403075641,7.46410179108138,6.141984165244892,2.738010289712525,mid,mid,,38.0
s0,0.13,0.025,1,10.0,4.554521316510864,4.4868497613793,4.399862187709456,1.177888293596624,1.7031075948279597,0.9009444575104054,1.8234289194849822,-0.6318295848074782,0.03654179645478424,4.554597810458228,4.399814187070172,4.563454076082426,4.268758600249995,3.728014612238706,mid,mid,,54.0
s0,0.27,0.025,1,10.0,5.069988946520977,4.812506710428894,4.330572252629922,1.1209655763406379,1.8134584560031983,0.7065131116176542,1.9349323392134279,-0.6642430216129762,0.036271173730660994,5.070096841742049,4.320774277603071,5.072495894455262,4.562932820617957,3.52283926161092,mid,mid,,39.3
s0,0.53,0.025,1,10.0,5.989077583708731,5.421601714887077,4.105682867800159,1.1398932852233041,1.8709047096446303,0.6382189116829828,1.9741938744739853,-0.8031382559510334,0.03586593271268455,5.989768229363367,3.9967449012955223,5.953365827107349,5.117739153291897,3.2077944907238813,mid,mid,,54.7
s0,1.0,0.025,1,10.0,7.574143982615512,6.537840320410821,3.661926764870085,1.1937201518888212,1.9051576370777268,0.639994077717215,1.9899369964927747,-1.129719140413612,0.03528841557286641,7.5744815093533635,3.5530465871241095,7.46410179108138,6.141984165244892,2.738010289712525,mid,mid,,51.2
s0,0.13,0.0125,1,10.0,4.532543422989408,4.408757715917421,4.227884911743933,1.0513688982056464,1.74234723093349,0.6797129217290426,1.8843753419648204,-0.4041955734660141,0.018535137478001045,4.533292330679662,4.228029934670275,4.563454076082426,4.268758600249995,3.728014612238706,mid,mid,,58.2
s0,0.27,0.0125,1,10.0,5.05335893528657,4.726093274262223,4.1012632226345245,1.0332426015792255,1.824331383998497,0.5602372032116406,1.955086270171705,-0.4425027869541447,0.01845118994119639,5.053289631415521,4.099329546079457,5.072495894455262,4.562932820617957,3.52283926161092,mid,mid,,55.7
s0,1.0,0.0125,1,10.0,7.5296487077317735,6.407463696476215,3.3659638990872454,1.137967402150978,1.9006001974238542,0.5503086740954044,1.9932583869332825,-0.8455274828824217,0.01811997226047533,7.529911674183196,3.3466506832977525,7.46410179108138,6.141984165244892,2.738010289712525,mid,mid,,62.2
s0,0.53,0.0125,1,10.0,5.964661425224432,5.319397774990688,3.8335383414078885,1.0709979841269397,1.8708773236953862,0.5279945997095875,1.9822548357827448,-0.5649567926072436,0.01830853883567598,5.965224343971663,3.8004660124412055,5.953365827107349,5.117739153291897,3.2077944907238813,mid,mid,,69.7
s0,1.0,0.1,1,30.0,7.848847353002392,7.080204332850773,4.88287783574125,1.3612605209248216,1.915804837538889,0.9286379817875836,1.9795777109758792,-2.3163300321272784,0.1246731895715534,7.85002412017218,4.702060234690049,7.46410179108138,6.141984165244892,2.738010289712525,mid,mid,,75.8
s0,0.13,0.1,1,30.0,nan,nan,nan,,,,,,0.13311522447750643,,,4.563454076082426,4.268758600249995,3.728014612238706,mid,mid,no N-shaped w~(G): no barrier,26.1
s0,1.0,0.025,1,30.0,7.57714044381006,6.537855891686815,3.661854351195615,1.1942410522415683,1.9051991057010604,0.6397995959707384,1.989937268512003,-1.1297369029626327,0.03528226294492559,7.5790251600043534,3.5520038597519386,7.46410179108138,6.141984165244892,2.738010289712525,mid,mid,,95.7
main,0.27,0.25,1,10.0,nan,nan,nan,,,,,,0.27932631518267276,,,5.072495894455262,4.562932820617957,3.52283926161092,mid,mid,no N-shaped w~(G): no barrier,11.6
s0,0.13,0.025,1,30.0,4.556137309991374,4.486526969122982,4.400711389346905,1.1752524656892587,1.7068526381495082,0.8978845302282774,1.8231301153608999,-0.631187850795127,0.03654155402416983,4.556102294062701,4.401278043225639,4.563454076082426,4.268758600249995,3.728014612238706,mid,mid,,86.2
main,0.13,0.25,1,10.0,nan,nan,nan,,,,,,0.28513162328688346,,,4.563454076082426,4.268758600249995,3.728014612238706,mid,mid,no N-shaped w~(G): no barrier,13.3
main,1.0,0.25,1,10.0,8.36693369482848,7.890918682308329,6.620847238963139,1.5210983375409368,1.9146903876061065,1.2287494724215893,1.964832781769122,-4.082604120547564,0.26344089221331635,8.367483562009784,6.240901871396312,7.46410179108138,6.141984165244892,2.738010289712525,mid,mid,,45.0
main,0.27,0.15,1,10.0,nan,nan,nan,,,,,,0.18542998235299285,,,5.072495894455262,4.562932820617957,3.52283926161092,mid,mid,no N-shaped w~(G): no barrier,14.8
main,0.53,0.25,1,10.0,6.650529155761337,6.550962856192701,6.374297198544986,1.558559580497047,1.8431848465794536,1.394898661447586,1.9009427140655712,-3.3983681636941236,0.2719870728103524,6.650636818223713,6.217794235794441,5.953365827107349,5.117739153291897,3.2077944907238813,mid,mid,,34.4
main,0.13,0.15,1,10.0,nan,nan,nan,,,,,,0.18885045875190898,,,4.563454076082426,4.268758600249995,3.728014612238706,mid,mid,no N-shaped w~(G): no barrier,9.4
main,1.0,0.15,1,10.0,8.023922851452125,7.3721370610237775,5.527026673120903,1.426988299653398,1.9172244884168035,1.0497827577799674,1.9746446863108682,-2.9534329051852555,0.17559330660659866,8.024837384943295,5.272489557225993,7.46410179108138,6.141984165244892,2.738010289712525,mid,mid,,47.9
main,0.53,0.15,1,10.0,6.3425155271508755,6.106127412166909,5.613486381830342,1.4294150496452689,1.8619361557417147,1.1533427339711602,1.933586428553637,-2.3874319439463,0.18097080863453666,6.342909248053339,5.491558946908914,5.953365827107349,5.117739153291897,3.2077944907238813,mid,mid,,36.5
main,0.13,0.1,1,10.0,nan,nan,nan,,,,,,0.13311393527899118,,,4.563454076082426,4.268758600249995,3.728014612238706,mid,mid,no N-shaped w~(G): no barrier,10.3
main,0.27,0.1,1,10.0,5.264825830807083,5.19889266940368,5.100846846894335,1.3994045276564342,1.76397446938718,1.2074290615125878,1.8467317212189547,-1.6419883066163354,0.13100935452820295,5.265078292853246,5.094612848595125,5.072495894455262,4.562932820617957,3.52283926161092,mid,mid,,41.2
main,0.53,0.1,1,10.0,6.194140359031121,5.861738978006269,5.127494987018616,1.345985063031011,1.8673199133478724,0.9981618156470606,1.9475806492343124,-1.8261755348556274,0.1281746027764436,6.1947737073221205,4.978603779623708,5.953365827107349,5.117739153291897,3.2077944907238813,mid,mid,,38.4
main,0.13,0.05,1,10.0,nan,nan,nan,,,,,,0.07076358274874561,,,4.563454076082426,4.268758600249995,3.728014612238706,mid,mid,no N-shaped w~(G): no barrier,14.8
main,1.0,0.1,1,10.0,7.847143714800654,7.080195511065554,4.883365874581307,1.360914456349492,1.9157998605798825,0.9286706595562723,1.9795747813987887,-2.31631960668015,0.12467119169573898,7.8479731431306625,4.702575494008385,7.46410179108138,6.141984165244892,2.738010289712525,mid,mid,,50.9
main,0.53,0.05,1,10.0,6.051944079907344,5.586591626249732,4.514401251512159,1.2290427128425696,1.8701110553060902,0.7899086439759633,1.9632904747302162,-1.188230336306615,0.06880607095147204,6.052576350033543,4.367266807702086,5.953365827107349,5.117739153291897,3.2077944907238813,mid,mid,,35.4
main,0.27,0.05,1,10.0,5.125043273501588,4.955139026934591,4.655012363088308,1.2383284681281073,1.7970000142032438,0.911021163936652,1.9044156775755574,-1.0286943713270555,0.06996045719264404,5.125605426609687,4.647715954171585,5.072495894455262,4.562932820617957,3.52283926161092,mid,mid,,44.7
main,0.13,0.025,1,10.0,4.554521316510864,4.4868497613793,4.399862187709456,1.177888293596624,1.7031075948279597,0.9009444575104054,1.8234289194849822,-0.6318295848074782,0.03654179645478424,4.554597810458228,4.399814187070172,4.563454076082426,4.268758600249995,3.728014612238706,mid,mid,,49.5
main,1.0,0.05,1,10.0,7.6650205874882085,6.7441779529706745,4.129189744436224,1.2662262835328444,1.9107629605390397,0.7624780798528498,1.9855490902672142,-1.5812803914259508,0.06729756156183588,7.6659610846620865,3.985347403075641,7.46410179108138,6.141984165244892,2.738010289712525,mid,mid,,51.6
main,0.53,0.025,1,10.0,5.989077583708731,5.421601714887077,4.105682867800159,1.1398932852233041,1.8709047096446303,0.6382189116829828,1.9741938744739853,-0.8031382559510334,0.03586593271268455,5.989768229363367,3.9967449012955223,5.953365827107349,5.117739153291897,3.2077944907238813,mid,mid,,64.2
main,0.13,0.25,2,10.0,nan,nan,nan,,,,,,0.2222501066547765,,,4.563454076082426,4.268758600249995,3.728014612238706,mid,mid,no N-shaped w~(G): no barrier,14.9
main,0.27,0.025,1,10.0,5.069988946520977,4.812506710428894,4.330572252629922,1.1209655763406379,1.8134584560031983,0.7065131116176542,1.9349323392134279,-0.6642430216129762,0.036271173730660994,5.070096841742049,4.320774277603071,5.072495894455262,4.562932820617957,3.52283926161092,mid,mid,,54.8
main,0.53,0.25,2,10.0,6.445992867114583,6.261122214853979,5.893061476369907,1.4768527808722238,1.8571680289831607,1.2407379817559443,1.9239547209316685,-2.7385596462837962,0.21271727977864557,6.446288300224017,5.745810209934392,5.953365827107349,5.117739153291897,3.2077944907238813,mid,mid,,40.7
main,0.13,0.25,4,10.0,nan,nan,nan,,,,,,0.1687137614117606,,,4.563454076082426,4.268758600249995,3.728014612238706,mid,mid,no N-shaped w~(G): no barrier,12.8
main,1.0,0.025,1,10.0,7.574143982615512,6.537840320410821,3.661926764870085,1.1937201518888212,1.9051576370777268,0.639994077717215,1.9899369964927747,-1.129719140413612,0.03528841557286641,7.5744815093533635,3.5530465871241095,7.46410179108138,6.141984165244892,2.738010289712525,mid,mid,,65.1
main,0.27,0.25,2,10.0,nan,nan,nan,,,,,,0.21807715466680103,,,5.072495894455262,4.562932820617957,3.52283926161092,mid,mid,no N-shaped w~(G): no barrier,10.7
main,0.53,0.25,4,10.0,6.2925858706192805,6.024016747228746,5.451906065787826,1.401684345156744,1.8641488783865365,1.1022570465441932,1.9385462497563597,-2.196668943635722,0.16213084110725312,6.292844162578032,5.2288155509072345,5.953365827107349,5.117739153291897,3.2077944907238813,mid,mid,,43.0
main,0.13,0.25,8,10.0,nan,nan,nan,,,,,,0.12558041630013195,,,4.563454076082426,4.268758600249995,3.728014612238706,mid,mid,no N-shaped w~(G): no barrier,16.1
main,1.0,0.25,2,10.0,8.143770164730386,7.555078022942583,5.910552137193759,1.4627297618885622,1.9173466229089353,1.1163357645837952,1.9715851490906897,-3.34827629636012,0.20635610422200829,8.14440253752746,5.617770119557076,7.46410179108138,6.141984165244892,2.738010289712525,mid,mid,,53.9
main,0.53,0.25,8,10.0,6.180989251352736,5.835974773675046,5.069476925559883,1.3361516484126013,1.8677175880172012,0.979202880666668,1.9490519474227128,-1.7644786385820295,0.12122616452838901,6.181211018352154,4.871134672978983,5.953365827107349,5.117739153291897,3.2077944907238813,mid,mid,,49.6
main,0.13,0.15,2,10.0,nan,nan,nan,,,,,,0.14424549382982943,,,4.563454076082426,4.268758600249995,3.728014612238706,mid,mid,no N-shaped w~(G): no barrier,15.5
main,0.27,0.25,4,10.0,5.368703473155953,5.345691167215092,5.315955508644964,1.4928110068856981,1.732874839101193,1.375524283658806,1.79576376928168,-2.0031535695118823,0.16586786192590933,5.368841799545785,5.311940959875333,5.072495894455262,4.562932820617957,3.52283926161092,mid,mid,,43.3
main,0.53,0.15,2,10.0,6.22577839103844,5.914441347858805,5.234409773708576,1.365278028900775,1.8665163420644808,1.0328471461603665,1.9446848183347747,-1.9462341471730769,0.13885866286839693,6.225969772338686,4.986674751727398,5.953365827107349,5.117739153291897,3.2077944907238813,mid,mid,,38.8
main,0.13,0.1,2,10.0,nan,nan,nan,,,,,,0.10040303450078938,,,4.563454076082426,4.268758600249995,3.728014612238706,mid,mid,no N-shaped w~(G): no barrier,12.8
main,1.0,0.25,4,10.0,7.966388114344933,7.274659652978588,5.302710529228285,1.405116211837475,1.9173786496651206,1.0101379344879833,1.9764247991238888,-2.7373385077355024,0.15759129146662337,7.967027154936757,5.098773229725316,7.46410179108138,6.141984165244892,2.738010289712525,mid,mid,,51.4
main,0.53,0.1,2,10.0,6.118603825903798,5.722509049636909,4.8250639431555165,1.2906337770681526,1.8690979477732288,0.8977552843971011,1.955356495805415,-1.5032970121883396,0.09717988781510835,6.119058377277063,4.705094019698882,5.953365827107349,5.117739153291897,3.2077944907238813,mid,mid,,34.3
main,0.27,0.25,8,10.0,5.250542353413928,5.176184276389469,5.062389340711585,1.3858957063973483,1.7679364604465788,1.1796016701273464,1.853539243167114,-1.583059425939299,0.12372412931189895,5.250627792518555,5.056475106002613,5.072495894455262,4.562932820617957,3.52283926161092,mid,mid,,36.5
main,0.13,0.05,2,10.0,4.586821982499578,4.552300826400692,4.516331591914974,1.2760620782943375,1.665677794815101,1.0736346540225985,1.7628832573787316,-0.8200486991051279,0.0525650128804275,4.587047147282361,4.516510462768087,4.563454076082426,4.268758600249995,3.728014612238706,mid,mid,,40.7
main,1.0,0.25,8,10.0,7.8317447725443845,7.049098381658797,4.8048954165590345,1.3534080481802484,1.9158363409916597,0.9135985854872222,1.9801566720824872,-2.2455852722833436,0.11811043916394685,7.832084030128296,4.6118433884621775,7.46410179108138,6.141984165244892,2.738010289712525,mid,mid,,57.9
main,0.53,0.05,2,10.0,6.018111340187422,5.503948864824317,4.313189390554648,1.185704106375059,1.8705289818266353,0.7168552925484171,1.968498043371249,-0.9950597317398981,0.05136209233677162,6.0185031968230005,4.203026026248461,5.953365827107349,5.117739153291897,3.2077944907238813,mid,mid,,47.4
main,0.27,0.15,2,10.0,5.2969271479791615,5.246362663601595,5.174102292777063,1.4279077409282297,1.7555006268865256,1.2607474984784948,1.8327596895145357,-1.7587750238186022,0.14193354063362595,5.2971972627586466,5.169195863379303,5.072495894455262,4.562932820617957,3.52283926161092,mid,mid,,43.2
main,0.13,0.025,2,10.0,4.541150583480032,4.447881935384764,4.318671696442005,1.1152503681045172,1.722582863734278,0.7930553953415208,1.854835525476393,-0.5179021796384147,0.0268721225303587,4.541243463732167,4.318289588613029,4.563454076082426,4.268758600249995,3.728014612238706,mid,mid,,57.0
main,1.0,0.15,2,10.0,7.886122579374939,7.143663074293348,5.018528953365422,1.3758904344741605,1.9164439234060908,0.9559516195905915,1.9785596127852656,-2.453135057202479,0.13507120783224655,7.886640613533313,4.81374875638817,7.46410179108138,6.141984165244892,2.738010289712525,mid,mid,,39.6
main,0.27,0.1,2,10.0,5.188402773313384,5.074814804391478,4.88799068744309,1.3221137212109761,1.7825305152089566,1.0611158894337618,1.878296077353977,-1.3305349939748345,0.09904364265520345,5.188601757085955,4.882258878052377,5.072495894455262,4.562932820617957,3.52283926161092,mid,mid,,32.4
main,0.53,0.025,2,10.0,5.975720220975292,5.370857705979242,3.972365501671352,1.106729293016339,1.8708847867503446,0.5852665152669347,1.9780169858438814,-0.6845331759776734,0.02647328216932305,5.975915910787993,3.9128238688637,5.953365827107349,5.117739153291897,3.2077944907238813,mid,mid,,55.5
main,0.13,0.15,4,10.0,nan,nan,nan,,,,,,0.10754087093424736,,,4.563454076082426,4.268758600249995,3.728014612238706,mid,mid,no N-shaped w~(G): no barrier,16.6
main,1.0,0.1,2,10.0,7.7529560366910175,6.911288291291969,4.501578330044692,1.3168723781690328,1.913896886645048,0.8489006741077707,1.9824855758729827,-1.9459297108609965,0.094806440304685,7.753458331000816,4.345696468156733,7.46410179108138,6.141984165244892,2.738010289712525,mid,mid,,55.8
main,0.53,0.15,4,10.0,6.136570651183802,5.75582122513779,4.8976304847677365,1.304305963121935,1.868793031793532,0.9222220865881793,1.9534892667782555,-1.5798399176450693,0.10402852566279311,6.136935272519291,4.700109400431355,5.953365827107349,5.117739153291897,3.2077944907238813,mid,mid,,47.6
main,0.13,0.1,4,10.0,nan,nan,nan,,,,,,0.07405446999584708,,,4.563454076082426,4.268758600249995,3.728014612238706,mid,mid,no N-shaped w~(G): no barrier,19.1
main,0.27,0.05,2,10.0,5.094282080725486,4.883262673796871,4.49840245966433,1.1818799313797825,1.8054190955514966,0.8117684158145314,1.9196284765764458,-0.8451495029793359,0.05207138408881454,5.09455788996286,4.489691058423363,5.072495894455262,4.562932820617957,3.52283926161092,mid,mid,,96.3
main,0.53,0.1,4,10.0,6.061701768594875,5.606090095854226,4.558396611706978,1.2378231375759938,1.8701005239983453,0.8055430802120254,1.9621013026238385,-1.2326695470677966,0.07203714760108762,6.0620478575475,4.418514462164095,5.953365827107349,5.117739153291897,3.2077944907238813,mid,mid,,49.2
main,0.13,0.05,4,10.0,4.55880869757,4.4962685440849945,4.418062832345698,1.191353670775094,1.6977670453660683,0.9251873263213917,1.81553078731183,-0.6587111938967714,0.038269818584179285,4.558966929132582,4.417937080217702,4.563454076082426,4.268758600249995,3.728014612238706,mid,mid,,50.9
main,1.0,0.05,2,10.0,7.617766227278756,6.641398363933197,3.894889175744741,1.231978327295667,1.908270649550155,0.7035490819214038,1.9876158465862415,-1.3557664855834668,0.05040033702833133,7.6185709567776865,3.7860113220919627,7.46410179108138,6.141984165244892,2.738010289712525,mid,mid,,59.8
main,0.53,0.05,4,10.0,5.99357491404153,5.433632028724181,4.135851849463651,1.1457988192691713,1.8707384247193903,0.64981021112406,1.9733060906243138,-0.8307889093115639,0.037557745666642495,5.993887099904504,4.025762104979994,5.953365827107349,5.117739153291897,3.2077944907238813,mid,mid,,54.1
main,0.27,0.025,2,10.0,5.0600707354619745,4.769364701536573,4.2197718373844335,1.0792402330608093,1.8186293712724677,0.6360120955598522,1.9447046077389643,-0.5533407526495697,0.026713557800385413,5.060164696270958,4.212835877201125,5.072495894455262,4.562932820617957,3.52283926161092,mid,mid,,59.8
main,1.0,0.025,2,10.0,7.5511391266131325,6.473424552687998,3.5149152437720512,1.167322160830915,1.903022204405933,0.5969717681231935,1.9915030595858398,-0.9888596062355968,0.026128890021284275,7.551696097427744,3.40140417915072,7.46410179108138,6.141984165244892,2.738010289712525,mid,mid,,71.5
main,0.13,0.025,4,10.0,4.533778828259117,4.414438841959879,4.241888998199431,1.059513070253351,1.7384757452710276,0.6957472341555592,1.8800318679180055,-0.42059719114327354,0.01940135489937172,4.533522603192998,4.241584226050809,4.563454076082426,4.268758600249995,3.728014612238706,mid,mid,,90.6
main,0.27,0.15,4,10.0,5.205945696649409,5.104470963916959,4.94079594353382,1.3412708451599953,1.7784990576579718,1.0961643830113956,1.8714477219556862,-1.4043873937437978,0.10605456385184851,5.206100268916492,4.933785824182624,5.072495894455262,4.562932820617957,3.52283926161092,mid,mid,,43.8
main,0.53,0.025,4,10.0,5.966519417930578,5.326999896207673,3.8540609653982725,1.077129889964325,1.8709866134010895,0.5364354667342573,1.9815881332373841,-0.5824041814704459,0.019179334005479217,5.966471437948027,3.8389515653470507,5.953365827107349,5.117739153291897,3.2077944907238813,mid,mid,,62.7
main,0.13,0.15,8,10.0,nan,nan,nan,,,,,,0.0788476031994001,,,4.563454076082426,4.268758600249995,3.728014612238706,mid,mid,no N-shaped w~(G): no barrier,17.1
main,1.0,0.15,4,10.0,7.775987384446271,6.951902175973917,4.590144809418483,1.3279596606803457,1.9145707038844915,0.8683891481565778,1.9817897431434048,-2.0339646806402314,0.1014647860758765,7.776399389873065,4.432987291890208,7.46410179108138,6.141984165244892,2.738010289712525,mid,mid,,55.5
main,0.53,0.15,8,10.0,6.072433745634986,5.628719245801036,4.610791650057572,1.2484547530599597,1.869947286533855,0.8239744846005291,1.9607548183365717,-1.285044263801636,0.0766451432031039,6.072701507164506,4.431699589110954,5.953365827107349,5.117739153291897,3.2077944907238813,mid,mid,,48.9
main,0.27,0.1,4,10.0,5.133761307275778,4.972168136427709,4.689523291134769,1.25065715435704,1.7952207987359587,0.9324291375119463,1.900850851344527,-1.0710984447474614,0.07321411284524766,5.133999281439137,4.679555274180736,5.072495894455262,4.562932820617957,3.52283926161092,mid,mid,,46.2
main,0.13,0.1,8,10.0,4.590690478442531,4.558718280385652,4.526591338380749,1.2859549887207855,1.6618593439421172,1.0898123714051424,1.7559008300682528,-0.838068350481632,0.053818810259851135,4.590897527679523,4.52660618699336,4.563454076082426,4.268758600249995,3.728014612238706,mid,mid,,47.9
main,1.0,0.1,4,10.0,7.6784217198679885,6.768334314093643,4.17944320333624,1.2742729989586865,1.9112224937917395,0.7750348107256664,1.9850795522251188,-1.6329741956116022,0.07049137737850093,7.6789557338978565,4.050301823244034,7.46410179108138,6.141984165244892,2.738010289712525,mid,mid,,55.9
main,0.53,0.1,8,10.0,6.021663871810572,5.5119381591099526,4.3320727611407035,1.1900343368645625,1.8705191599660576,0.7238561827400796,1.9679658887126377,-1.0132962320428733,0.05259829913665708,6.022079618037167,4.193005205235445,5.953365827107349,5.117739153291897,3.2077944907238813,mid,mid,,51.4
main,0.27,0.05,4,10.0,5.073525557486394,4.822772386300833,4.355604381552002,1.1298325859238165,1.8123372909093056,0.7217851596252468,1.932676421154065,-0.6901843667993013,0.03798421615738882,5.073750879383943,4.3447150509172525,5.072495894455262,4.562932820617957,3.52283926161092,mid,mid,,53.0
main,0.13,0.05,8,10.0,4.5424443171109425,4.451712684053462,4.326968959282004,1.1212082602977322,1.7208901035632238,0.8032937622036594,1.8518852343632453,-0.5288502034376046,0.027516112255230516,4.542460897401971,4.32638246682659,4.563454076082426,4.268758600249995,3.728014612238706,mid,mid,,58.9
main,1.0,0.05,4,10.0,7.580903827143258,6.553075632228688,3.694539009052943,1.1992581863047596,1.9056795675087799,0.6493161487814987,1.9895626342630242,-1.1624820404265601,0.03697158498512546,7.58136313121966,3.5834550661697087,7.46410179108138,6.141984165244892,2.738010289712525,mid,mid,,62.9
main,0.53,0.05,8,10.0,5.97730220856576,5.375839501374918,3.9852211502966757,1.1099391696831464,1.8708965998418483,0.5903713743210232,1.97761794438602,-0.6959570058930418,0.02711106163526001,5.977432203134438,3.922355678190543,5.953365827107349,5.117739153291897,3.2077944907238813,mid,mid,,41.8
main,0.27,0.025,4,10.0,5.0544635750478735,4.732443680183716,4.119112488464838,1.0410619535843284,1.8232700581028525,0.5714069875774247,1.953483467783164,-0.4585885757067798,0.019314002804271417,5.054138384005664,4.115129640721863,5.072495894455262,4.562932820617957,3.52283926161092,mid,mid,,63.1
main,0.13,0.025,8,10.0,4.530862147607599,4.387129282816784,4.172627281866074,1.0109760173100144,1.752724861977235,0.61133474336167,1.900696856863521,-0.341110996265529,0.013888280625344149,4.530008058217885,4.172806117914687,4.563454076082426,4.268758600249995,3.728014612238706,mid,mid,,71.3
main,1.0,0.025,4,10.0,7.533337380045347,6.417265845797705,3.3873894383849397,1.142923387746055,1.9010205876373423,0.55725069859009,1.9929767483431227,-0.8665703328715464,0.018982919800910197,7.53356598489599,3.343998594238634,7.46410179108138,6.141984165244892,2.738010289712525,mid,mid,,80.2
main,0.53,0.025,8,10.0,5.960955348142983,5.290398173427198,3.752763075079082,1.0502863635794306,1.8712272079859131,0.49284901667473424,1.9847852018172836,-0.49759073184048663,0.013767944688558104,5.9600967287396305,3.7444769241588083,5.953365827107349,5.117739153291897,3.2077944907238813,mid,mid,,56.6
main,0.27,0.15,8,10.0,5.143770042240456,4.992008993940319,4.729443232020777,1.264754638534762,1.7929051870550907,0.9578590563232776,1.8966309746113885,-1.1211409055606918,0.07792785800040605,5.14403752830346,4.719009637095532,5.072495894455262,4.562932820617957,3.52283926161092,mid,mid,,46.7
main,1.0,0.15,8,10.0,7.692818801685122,6.79624872167947,4.241313061344443,1.2827955624604825,1.9117641970410308,0.7898369429685266,1.9845560931392405,-1.6937362317384428,0.07497171160590224,7.693263417243277,4.088662460016009,7.46410179108138,6.141984165244892,2.738010289712525,mid,mid,,56.8
main,0.27,0.1,8,10.0,5.097315765554247,4.890168144221442,4.513650293260318,1.18740705036195,1.80462229646592,0.8211505197998912,1.9181735873541057,-0.8624143707004737,0.05331683294606692,5.097526538584667,4.504379523761003,5.072495894455262,4.562932820617957,3.52283926161092,mid,mid,,41.0
main,1.0,0.1,8,10.0,7.622882308841704,6.651386663780401,3.9158810285018046,1.2349793495574926,1.9084148313827345,0.7092121218993304,1.9873985365859934,-1.3771544321337985,0.051625919252021334,7.6235296001025485,3.803725898879569,7.46410179108138,6.141984165244892,2.738010289712525,mid,mid,,45.9
main,0.27,0.05,8,10.0,5.061098986328545,4.773577481455977,4.23076065461159,1.0834809274516448,1.8180957147318002,0.6427725741855035,1.9437291186859897,-0.563973614773797,0.02735469110693936,5.061109718809458,4.223255814020651,5.072495894455262,4.562932820617957,3.52283926161092,mid,mid,,38.9
main,1.0,0.05,8,10.0,7.553771053739123,6.479780163193252,3.5285541785240397,1.1697142043332747,1.9032231499740868,0.6011183500599225,1.9913331791493427,-1.0025013879191904,0.026762198717633995,7.554176660375553,3.4300233284656545,7.46410179108138,6.141984165244892,2.738010289712525,mid,mid,,47.0
main,0.27,0.025,8,10.0,5.052260006426367,4.701934894630222,4.031118591288561,1.006437621184348,1.8273824255512017,0.5139630668782891,1.961144356544998,-0.38058052666961606,0.013841331070816235,5.051368435335174,4.031285470657458,5.072495894455262,4.562932820617957,3.52283926161092,mid,mid,,49.5
R,0.13,0.25,1,6.0,nan,nan,nan,,,,,,0.2853048245611432,,,4.563454076082426,4.268758600249995,3.728014612238706,mid,mid,no N-shaped w~(G): no barrier,10.3
R,0.53,0.25,1,6.0,6.651075352724208,6.551759608889479,6.3753462170670625,1.5588585536658737,1.843172343114919,1.3955948990263112,1.9009176543754664,-3.3999374798798847,0.27198941113174957,6.65113870381639,6.218828563184718,5.953365827107349,5.117739153291897,3.2077944907238813,mid,mid,,32.5
main,1.0,0.025,8,10.0,7.520175020252697,6.370019861102614,3.2803908871781533,1.1219576392772443,1.8991323475338648,0.5217867247888339,1.9942946223597908,-0.76414086360311,0.013658051144529523,7.519731869455121,3.271351852500407,7.46410179108138,6.141984165244892,2.738010289712525,mid,mid,,55.2
R,0.13,0.25,1,10.0,nan,nan,nan,,,,,,0.28513162328688346,,,4.563454076082426,4.268758600249995,3.728014612238706,mid,mid,no N-shaped w~(G): no barrier,9.4
R,0.27,0.25,1,6.0,nan,nan,nan,,,,,,0.2793671179015187,,,5.072495894455262,4.562932820617957,3.52283926161092,mid,mid,no N-shaped w~(G): no barrier,7.9
R,0.53,0.25,1,10.0,6.650529155761337,6.550962856192701,6.374297198544986,1.558559580497047,1.8431848465794536,1.394898661447586,1.9009427140655712,-3.3983681636941236,0.2719870728103524,6.650636818223713,6.217794235794441,5.953365827107349,5.117739153291897,3.2077944907238813,mid,mid,,33.6
R,0.13,0.25,1,20.0,nan,nan,nan,,,,,,0.28512589008980327,,,4.563454076082426,4.268758600249995,3.728014612238706,mid,mid,no N-shaped w~(G): no barrier,13.3
R,1.0,0.25,1,6.0,8.366756172849236,7.890984876059805,6.62148179634792,1.5212475510807293,1.9146886763767657,1.2288236900857707,1.9648262699912031,-4.082734641530597,0.2634415519151119,8.367226407018151,6.241475895711593,7.46410179108138,6.141984165244892,2.738010289712525,mid,mid,,40.6
R,0.27,0.25,1,10.0,nan,nan,nan,,,,,,0.27932631518267276,,,5.072495894455262,4.562932820617957,3.52283926161092,mid,mid,no N-shaped w~(G): no barrier,13.5
R,0.53,0.25,1,20.0,6.650759422247819,6.550958362112311,6.374129057672186,1.5582706701236757,1.843192999928204,1.3946588201719257,1.9009721523585337,-3.398359299944401,0.2719788148734091,6.650874844287108,6.21764846475253,5.953365827107349,5.117739153291897,3.2077944907238813,mid,mid,,48.2
R,0.13,0.25,1,40.0,nan,nan,nan,,,,,,0.28513321603869535,,,4.563454076082426,4.268758600249995,3.728014612238706,mid,mid,no N-shaped w~(G): no barrier,18.5
R,1.0,0.25,1,10.0,8.36693369482848,7.890918682308329,6.620847238963139,1.5210983375409368,1.9146903876061065,1.2287494724215893,1.964832781769122,-4.082604120547564,0.26344089221331635,8.367483562009784,6.240901871396312,7.46410179108138,6.141984165244892,2.738010289712525,mid,mid,,42.3
R,0.27,0.25,1,20.0,nan,nan,nan,,,,,,0.279320956492878,,,5.072495894455262,4.562932820617957,3.52283926161092,mid,mid,no N-shaped w~(G): no barrier,12.4
R,0.53,0.25,1,40.0,6.650896034099384,6.550950737616101,6.374021483294511,1.5585122935846452,1.8432136465509856,1.394481021034938,1.9009857799640448,-3.398344870987397,0.2719874207548273,6.650997449905352,6.217478552061171,5.953365827107349,5.117739153291897,3.2077944907238813,mid,mid,,57.5
R,1.0,0.25,1,20.0,8.367142162677593,7.890925083694034,6.620289787989949,1.5210628607610317,1.9146932724440158,1.2287281242756247,1.964839588760216,-4.08261279174664,0.2634392090780897,8.367802182825091,6.240395906589713,7.46410179108138,6.141984165244892,2.738010289712525,mid,mid,,57.1
R,0.27,0.25,1,40.0,nan,nan,nan,,,,,,0.27931877146047523,,,5.072495894455262,4.562932820617957,3.52283926161092,mid,mid,no N-shaped w~(G): no barrier,24.6
R,1.0,0.25,1,40.0,8.367287659143555,7.8909257065344445,6.619956924473395,1.520983698002519,1.9146965352689556,1.2287067515086,1.9648436281271562,-4.082612554882278,0.2634352131681368,8.368000736604882,6.240107294802842,7.46410179108138,6.141984165244892,2.738010289712525,mid,mid,,88.0
s0,0.13,0.00625,1,10.0,4.531020042128349,4.360746371678083,4.098388071622463,0.9615089689212597,1.7675100303328763,0.52251296788825,1.9212430843879753,-0.2645696593821001,0.009259027774389913,4.529011015202075,4.098729747221905,4.563454076082426,4.268758600249995,3.728014612238706,mid,mid,,65.2
s0,0.27,0.00625,1,10.0,5.052016678447053,4.671971778300758,3.9396125059482583,0.968514572782474,1.8318618493785395,0.45368867331114515,1.969197953275605,-0.30459090342007245,0.35430745986100676,5.049852124645831,3.9395881058640136,5.072495894455262,4.562932820617957,3.52283926161092,mid,mid,,62.2
s0,0.53,0.00625,1,10.0,5.956576875028282,5.254073637847276,3.649547957815494,1.0225129245716862,1.871466579839008,0.4470901187208276,1.9881853774600846,-0.41411603252410634,0.27593190273177304,5.95572822807571,3.6471917588458402,5.953365827107349,5.117739153291897,3.2077944907238813,mid,mid,,64.8
s0,1.0,0.00625,1,10.0,7.507489815739173,6.322747984527877,3.1737795825593116,1.099457601379393,1.897273521182594,0.4848158791889804,1.9956848397662055,-0.6623523748819715,0.29578360235869416,7.505504167894572,3.1587921231472174,7.46410179108138,6.141984165244892,2.738010289712525,mid,mid,,51.8
