sigma_t,line,s,soft,deserno,shift,local_exponent
0.13,S1,0.025,4.554521316510864,4.563454076082426,-0.00893275957156181,nan
0.13,S1,0.0125,4.532543422989408,4.563454076082426,-0.030910653093017437,nan
0.13,S1,0.00625,4.531020042128349,4.563454076082426,-0.03243403395407718,nan
0.13,E,0.025,4.4868497613793,4.268758600249995,0.2180911611293057,nan
0.13,E,0.0125,4.408757715917421,4.268758600249995,0.1399991156674263,0.6395135870161931
0.13,E,0.00625,4.360746371678083,4.268758600249995,0.09198777142808812,0.6059037225459961
0.13,E,-1,nan,nan,nan,0.6227086547810943
0.13,S2,0.025,4.399862187709456,3.728014612238706,0.6718475754707498,nan
0.13,S2,0.0125,4.227884911743933,3.728014612238706,0.4998702995052273,0.42658015078082295
0.13,S2,0.00625,4.098388071622463,3.728014612238706,0.37037345938375754,0.4325730896964111
0.13,S2,-1,nan,nan,nan,0.42957662023861704
0.27,S1,0.1,5.264825830807083,5.072495894455262,0.19232993635182094,nan
0.27,S1,0.05,5.125043273501588,5.072495894455262,0.05254737904632645,1.8718926246435708
0.27,S1,0.025,5.069988946520977,5.072495894455262,-0.0025069479342851864,nan
0.27,S1,0.0125,5.05335893528657,5.072495894455262,-0.019136959168691625,nan
0.27,S1,0.00625,5.052016678447053,5.072495894455262,-0.020479216008208567,nan
0.27,E,0.1,5.19889266940368,4.562932820617957,0.6359598487857232,nan
0.27,E,0.05,4.955139026934591,4.562932820617957,0.3922062063166347,0.6973233189998491
0.27,E,0.025,4.812506710428894,4.562932820617957,0.24957388981093764,0.6521453564081585
0.27,E,0.0125,4.726093274262223,4.562932820617957,0.16316045364426657,0.6131755852211638
0.27,E,0.00625,4.671971778300758,4.562932820617957,0.10903895768280147,0.5814477470383634
0.27,E,-1,nan,nan,nan,0.6153481651224219
0.27,S2,0.1,5.100846846894335,3.52283926161092,1.578007585283415,nan
0.27,S2,0.05,4.655012363088308,3.52283926161092,1.1321731014773881,0.47900958704176405
0.27,S2,0.025,4.330572252629922,3.52283926161092,0.8077329910190025,0.48714418206342014
0.27,S2,0.0125,4.1012632226345245,3.52283926161092,0.5784239610236046,0.4817511493056833
0.27,S2,0.00625,3.9396125059482583,3.52283926161092,0.4167732443373384,0.47286465304670555
0.27,S2,-1,nan,nan,nan,0.4807031102553107
0.53,S1,0.25,6.650529155761337,5.953365827107349,0.6971633286539882,nan
0.53,S1,0.2,6.494819034345188,5.953365827107349,0.5414532072378391,1.132737483399914
0.53,S1,0.15,6.3425155271508755,5.953365827107349,0.3891497000435269,1.1481165442801662
0.53,S1,0.1,6.194140359031121,5.953365827107349,0.24077453192377263,1.1840800838351375
0.53,S1,0.05,6.051944079907344,5.953365827107349,0.09857825279999499,1.2883414821650723
0.53,S1,0.025,5.989077583708731,5.953365827107349,0.03571175660138248,1.4648703115051764
0.53,S1,0.0125,5.964661425224432,5.953365827107349,0.011295598117083472,1.6606384340248332
0.53,S1,0.00625,5.956576875028282,5.953365827107349,0.0032110479209332965,1.8146445646100444
0.53,S1,-1,nan,nan,nan,1.6481098364444986
0.53,E,0.25,6.550962856192701,5.117739153291897,1.4332237029008041,nan
0.53,E,0.2,6.334094183588467,5.117739153291897,1.2163550302965707,0.7352555660108526
0.53,E,0.15,6.106127412166909,5.117739153291897,0.9883882588750126,0.7214157932214827
0.53,E,0.1,5.861738978006269,5.117739153291897,0.743999824714372,0.7005160005372464
0.53,E,0.05,5.586591626249732,5.117739153291897,0.4688524729578356,0.6661682393214207
0.53,E,0.025,5.421601714887077,5.117739153291897,0.30386256159518066,0.625715108380252
0.53,E,0.0125,5.319397774990688,5.117739153291897,0.20165862169879123,0.5915038457875763
0.53,E,0.00625,5.254073637847276,5.117739153291897,0.13633448455537955,0.5647645631877994
0.53,E,-1,nan,nan,nan,0.5937454397854456
0.53,S2,0.25,6.374297198544986,3.2077944907238813,3.1665027078211048,nan
0.53,S2,0.2,6.0226122438071075,3.2077944907238813,2.814817753083226,0.5275985493958695
0.53,S2,0.15,5.613486381830342,3.2077944907238813,2.405691891106461,0.5459497910605823
0.53,S2,0.1,5.127494987018616,3.2077944907238813,1.9197004962947344,0.5565666784187423
0.53,S2,0.05,4.514401251512159,3.2077944907238813,1.3066067607882776,0.5550562353871281
0.53,S2,0.025,4.105682867800159,3.2077944907238813,0.8978883770762773,0.5412170003311012
0.53,S2,0.0125,3.8335383414078885,3.2077944907238813,0.6257438506840072,0.5209638960618032
0.53,S2,0.00625,3.649547957815494,3.2077944907238813,0.4417534670916128,0.5023307505375275
0.53,S2,-1,nan,nan,nan,0.5214498836853096
1.0,S1,0.25,8.36693369482848,7.46410179108138,0.9028319037471002,nan
1.0,S1,0.2,8.197195998497225,7.46410179108138,0.7330942074158449,0.9333102617215445
1.0,S1,0.15,8.023922851452125,7.46410179108138,0.5598210603707452,0.9373438420854863
1.0,S1,0.1,7.847143714800654,7.46410179108138,0.3830419237192739,0.9358949646422157
1.0,S1,0.05,7.6650205874882085,7.46410179108138,0.2009187964068282,0.9308897651766159
1.0,S1,0.025,7.574143982615512,7.46410179108138,0.11004219153413164,0.8685557608617475
1.0,S1,0.0125,7.5296487077317735,7.46410179108138,0.06554691665039325,0.7474569546173726
1.0,S1,0.00625,7.507489815739173,7.46410179108138,0.04338802465779246,0.595231011616339
1.0,S1,-1,nan,nan,nan,0.7381188135903743
1.0,E,0.25,7.890918682308329,6.141984165244892,1.7489345170634367,nan
1.0,E,0.2,7.640260492674107,6.141984165244892,1.498276327429215,0.6932372541673198
1.0,E,0.15,7.3721370610237775,6.141984165244892,1.2301528957788852,0.6853985146564094
1.0,E,0.1,7.080195511065554,6.141984165244892,0.9382113458206618,0.6681672522110643
1.0,E,0.05,6.7441779529706745,6.141984165244892,0.6021937877257821,0.6396851223039142
1.0,E,0.025,6.537840320410821,6.141984165244892,0.3958561551659283,0.6052515411743244
1.0,E,0.0125,6.407463696476215,6.141984165244892,0.26547953123132295,0.5763756521030635
1.0,E,0.00625,6.322747984527877,6.141984165244892,0.18076381928298435,0.5544946873741576
1.0,E,-1,nan,nan,nan,0.5784741294057698
1.0,S2,0.25,6.620847238963139,2.738010289712525,3.8828369492506143,nan
1.0,S2,0.2,6.101275701669687,2.738010289712525,3.363265411957162,0.6437726175255145
1.0,S2,0.15,5.527026673120903,2.738010289712525,2.789016383408378,0.6507995660418061
1.0,S2,0.1,4.883365874581307,2.738010289712525,2.145355584868782,0.6471177549027254
1.0,S2,0.05,4.129189744436224,2.738010289712525,1.3911794547236989,0.6249082571449806
1.0,S2,0.025,3.661926764870085,2.738010289712525,0.9239164751575597,0.5904741931875865
1.0,S2,0.0125,3.3659638990872454,2.738010289712525,0.6279536093747202,0.5571044508549035
1.0,S2,0.00625,3.1737795825593116,2.738010289712525,0.43576929284678645,0.5270934443770035
1.0,S2,-1,nan,nan,nan,0.5581120716113382
