sigma_t,S1_cont,E_cont,S2_cont,G_S1,G_S2,G_E_partial,G_E_env,S1_sim,E_sim,S2_sim,S1_sim_lo,S1_sim_hi,S2_sim_lo,S2_sim_hi,E_sim_lo,E_sim_hi,S1_deserno,E_deserno,S2_deserno,note,G_before_S1,G_after_S1,G_at_S2_env,G_after_S2,sim_zad_before_S1,sim_zad_after_S1,sim_zu_before_S1,sim_zu_after_S1,sim_zad_after_S2,sim_zad_before_S2,sim_zu_after_S2,sim_zu_before_S2
0.1333,nan,nan,nan,,,,,5.8,nan,5.8,5.6,6.0,5.6,6.0,nan,nan,4.57615,4.27573,3.7226,no N-shaped w~(G): no barrier,,,,,,,,,,,,
0.2666,nan,nan,nan,,,,,6.2,nan,6.2,6.0,6.4,6.0,6.4,nan,nan,5.06055,4.55575,3.52742,no N-shaped w~(G): no barrier,,,,,,,,,,,,
0.4,6.196653352829585,6.1866215096860735,6.173826572300742,1.6263626465990695,1.7657173544924671,1.5624796568496369,1.8054136570616475,6.6,nan,6.2,6.4,6.8,6.0,6.4,nan,nan,5.51965,4.83911,3.3579,,1.6263626465990695,1.8126179969448175,1.7657173544924671,1.531601326405575,1.6173922148034998,1.87916113719696,1.701,1.9233,1.217853624539183,1.6908621154082961,1.3246,1.7685
0.5334,6.661937230898444,6.559815226741663,6.377351730447841,1.5578298639471548,1.8443540468306365,1.3923874453611838,1.902229003392006,7.0,6.6,6.6,6.8,7.2,6.4,6.8,6.4,6.8,5.96458,5.12506,3.20402,,1.5578298639471548,1.9121058960126625,1.8443540468306365,1.27061330357488,1.4440689710056223,1.9168709765400704,1.5393,1.9519,1.1800543255548581,1.8821850811157061,1.2855,1.9276
0.6666,7.145895223510933,6.936474441044739,6.496269329606681,1.5353258765625395,1.8775520221570692,1.3152833995647701,1.934581429475229,7.4,7.0,7.0,7.2,7.6,6.8,7.2,6.8,7.2,6.39969,5.41285,3.0614,,1.5353258765625395,1.9408271135962396,1.8775520221570692,1.1205657620939766,1.3668580190383288,1.9391270734797483,1.4621,1.9673,1.2426068992177108,1.9211770019448347,1.3507,1.9556
0.8,7.634245600456567,7.316502543892994,6.567928444017244,1.5256621201401768,1.896999468956024,1.269326701680682,1.9512969535146991,7.8,7.50335,7.0,7.6,8.0,6.8,7.2,7.2,7.6,6.82901,5.70317,2.92703,,1.5256621201401768,1.9527575427157549,1.896999468956024,1.0121223508682557,1.2805187892376289,1.9494252359553892,1.3794,1.9738,1.0090985115354725,1.9223352962528921,1.1276,1.9569
0.9334,8.122609108754133,7.6986302073959605,6.6078737221012025,1.521913917651234,1.909920714734908,1.2394961442940797,1.9613038308801745,8.2,7.86736,7.0,8.0,8.4,6.8,7.2,7.6,8.0,7.25356,5.9954,2.7995,,1.521913917651234,1.9655208790928196,1.909920714734908,0.9274786475114541,1.2466208805030432,1.9579998979846356,1.3443,1.9802,0.9039729268010851,1.9186658906204956,1.012,1.9553
1.0666,8.609214454488782,8.08194401684009,6.624942451184088,1.5212073360797922,1.9188649218790028,1.2192297347289591,1.9678024070254572,9.0,8.2628,7.4,8.8,9.2,7.2,7.6,8.0,8.4,7.67384,6.289,2.67783,,1.5212073360797922,1.9681810600809193,1.9188649218790028,0.8583300128016857,1.4917375786535496,1.970407393279009,1.5786,1.9867,1.4716703910056248,1.9469507954191079,1.5705,1.9745
1.2,9.095266092755741,8.466900367543225,6.6244739347608705,1.5222538482036894,1.9254945997070447,1.2049134591502106,1.972269425867066,9.4,8.65622,7.4,9.2,9.6,7.2,7.6,8.4,8.8,8.09187,6.58473,2.56085,,1.5222538482036894,1.9710787098759583,1.9254945997070447,0.7999088471612105,1.4135173276203326,1.971962902188394,1.5028,1.9875,0.8681079845123584,1.9485004619702657,0.9854,1.9758
1.3334,9.579991443038324,8.853777383282788,6.6108186826116135,1.5243680185921369,1.930040267399453,1.1949824636450277,1.9754758040657054,9.8,9.2188,7.4,9.6,10.0,7.2,7.6,9.2,9.6,8.50761,6.88206,2.44811,,1.5243680185921369,1.9740906423275142,1.930040267399453,0.7494890516311865,1.3629432495353324,1.9747945338842374,1.4597,1.9893,0.7975263040276158,1.9516668076801993,0.9146,1.9786
1.4666,10.062784797860857,9.241286461189109,6.586516410916412,1.5270819284691022,1.9333500876937362,1.1880088406295812,1.9778392498886572,10.2,9.50165,7.4,10.0,10.4,7.2,7.6,9.2,9.6,8.92086,7.18047,2.33928,,1.5270819284691022,1.9770985623946002,1.9333500876937362,0.7054031255013369,1.360621974690337,1.9762085643401694,1.4339,1.9902,0.7522378807766887,1.9476209214952844,0.8735,1.9766
1.6,10.545196857908307,9.630535216859244,6.5537924864393124,1.5302059215133093,1.9356635188586149,1.1831971158790575,1.9796268840181646,10.6,9.86043,7.4,10.4,10.8,7.2,7.6,9.6,10.0,9.33319,7.48078,2.23365,,1.5302059215133093,1.980023914425269,1.9356635188586149,0.6663496952231194,1.3048624076587294,1.9748299016493691,1.4044,1.9895,0.724262862751775,1.9526049841868465,0.8318,1.9807
1.7334,11.0266944663065,10.020933659211805,6.515397766604067,1.5335155293255156,1.9368457223683688,1.1799856238197142,1.980997786613902,11.4,10.2241,7.4,11.2,11.6,7.2,7.6,10.0,10.4,9.74426,7.78248,2.13105,,1.5335155293255156,1.9827753015337626,1.9368457223683688,0.6316188934711549,1.4593996712066866,1.9814406247836955,1.5434,1.9932,0.684240699728933,1.9510553176356882,0.7939,1.9808
1.8666,11.506582095592096,10.411839546783453,6.470914153497164,1.5369726487860913,1.9375173603581053,1.178023494532251,1.9820594077427787,11.8,10.6906,7.4,11.6,12.0,7.2,7.6,10.4,10.8,10.1537,8.08505,2.03138,,1.5369726487860913,nan,1.9375173603581053,0.6003362736545429,1.4373557315703365,1.9825612951071216,1.5127,1.9938,0.6688645638379994,1.9518594689271,0.7736,1.9828
2.0,11.986512067351859,10.804383562670266,6.423315990081164,1.5404489428555335,1.9373973328737544,1.1770116552189314,1.9828893816182738,nan,11.0909,7.4,12.0,nan,7.2,7.6,10.8,11.2,10.5628,8.38937,1.93409,,1.5404489428555335,nan,1.9373973328737544,0.572220622744549,,,,,0.6368505470350646,1.9487601358247841,0.7469,1.981
